"","baseMean","log2FoldChange","lfcSE","stat","pvalue","padj","change"
"SREBF1",10219.360278412,1.21585402726595,0.14464585745435,8.40573002686694,4.25208262250793e-17,7.60442456209318e-13,"Up"
"PRSS56",72.4459001547064,-4.59777176179861,0.667013362110081,-6.89307294722502,5.45998574854628e-12,4.88231925635008e-08,"Down"
"ADAM11",420.778643808777,-2.19577577218549,0.329511304490035,-6.66373427031209,2.66955961791355e-11,1.5715361092849e-07,"Down"
"TDRD12",146.4473730958,-3.5342877259173,0.536298164105974,-6.59015443733443,4.39369299173815e-11,1.5715361092849e-07,"Down"
"CREG2",29.8703695401672,-2.10181243594487,0.317619677545181,-6.61738734888642,3.65602622001825e-11,1.5715361092849e-07,"Down"
"AMER2",109.201580353466,4.09430992145815,0.634299734589767,6.45485044086632,1.08325828716591e-10,3.22883186794586e-07,"Up"
"PCDHGA4",105.205930045227,1.90203555648692,0.307153366821968,6.19246201390126,5.92316274295115e-10,1.51328346421341e-06,"Up"
"KCNMB4",257.497097099959,2.07307219884839,0.342460406720566,6.05346532961381,1.41762594549563e-09,2.81698026769377e-06,"Up"
"MAGEB17",13.8002733836529,2.93965512313163,0.484968268425332,6.06154116572729,1.34823370263567e-09,2.81698026769377e-06,"Up"
"KLK14",100.125178780509,-2.55397332402703,0.433623442281976,-5.88984144996073,3.86566312717544e-09,6.91335193664056e-06,"Down"
"CPED1",193.000374997665,2.05006179705258,0.35707144539096,5.74132102556661,9.39408096619191e-09,1.52730676363069e-05,"Up"
"CDA",787.742590581323,-2.5412948579174,0.445235386021197,-5.70775580222281,1.14475499404747e-08,1.70606652612874e-05,"Down"
"PLB1",319.531712962218,-1.70299312608739,0.299754247868807,-5.68129772370313,1.3367654598553e-08,1.8389779603117e-05,"Down"
"ARHGAP6",129.690734803503,1.85516378245352,0.327372738271967,5.66682428184454,1.45468386421337e-08,1.85825473054228e-05,"Up"
"TEKT5",47.5096061879443,-2.4714855643563,0.442512028612471,-5.58512628934816,2.33530449199597e-08,2.78430570232373e-05,"Down"
"ELF3",144.111036635733,-2.40537116693309,0.441073711014674,-5.45344487069887,4.9403266948054e-08,5.52205016311874e-05,"Down"
"CYSRT1",595.889045517828,-2.18151854644137,0.408374637193866,-5.34195404844829,9.19499666187469e-08,9.55794672117009e-05,"Down"
"GDPD3",180.796768529377,-1.73789571256048,0.325829352683168,-5.33376044315562,9.61994190231836e-08,9.55794672117009e-05,"Down"
"PCDHGB3",25.9082321385065,1.62484942054356,0.307169735740676,5.28974450111623,1.22487342768425e-07,0.000115292823056343,"Up"
"CCN5",1888.24211173895,1.87027204646452,0.355353505431198,5.26313098894315,1.41622600568443e-07,0.000126638929428302,"Up"
"SHANK1",243.010262435582,-2.00723023290579,0.385676337271215,-5.20444227174421,1.94580098021155e-07,0.000162407801701669,"Down"
"GREB1L",43.3183643597354,-2.09948867758299,0.40378380216485,-5.19953664888678,1.99785933652243e-07,0.000162407801701669,"Down"
"RNF145",6133.74494368386,0.708767196550048,0.138413448142532,5.12065269712947,3.04479953876242e-07,0.000236753021527075,"Up"
"SULF1",1850.85788242885,1.2548860181455,0.24591508453424,5.1029241273354,3.34445113149231e-07,0.000249217350148369,"Up"
"ABCG4",106.10647173983,-2.10557142189458,0.417948752539322,-5.03786985629651,4.70741329289656e-07,0.000336749517320648,"Down"
"CNFN",5513.53857006699,-2.71463312166527,0.540438138111343,-5.02302285910472,5.08644879763091e-07,0.000339557434717435,"Down"
"CDH16",4.7893385292166,-2.77364977325667,0.552352554131828,-5.02152068005951,5.12639830986957e-07,0.000339557434717435,"Down"
"C1QTNF12",53.3471449592513,-1.52634911217503,0.307025036625463,-4.9714157807821,6.64657360705126e-07,0.000424526151387517,"Down"
"CCDC78",420.884357576288,-1.23363664070172,0.250447189350344,-4.92573561676515,8.40435703203296e-07,0.000518288004003026,"Down"
"IQSEC3",52.027727548844,-1.66301065315145,0.338882572443359,-4.90733601660619,9.23217878486887e-07,0.000550360951295316,"Down"
"EDN3",29.9810534587228,3.58508592025024,0.732389137878667,4.89505610451062,9.82776865623698e-07,0.000551815932141873,"Up"
"TM4SF19",38.799535063097,-1.94410729226527,0.397231708248532,-4.8941392439118,9.87369147200847e-07,0.000551815932141873,"Down"
"SLC1A6",58.1491076325053,-2.49842478709446,0.51163577429372,-4.88320972188346,1.04372756696047e-06,0.000565637085076398,"Down"
"POU6F2",16.0837936539351,3.46510261028009,0.715765695487918,4.84111299566826,1.29113925202852e-06,0.000679139246567,"Up"
"CLIC3",739.771096936876,-2.37964231209558,0.495313002799195,-4.80432029574704,1.55278090084345e-06,0.000793426675162407,"Down"
"PRSS22",173.597186255599,-2.36832265366465,0.49510038903418,-4.78352008222954,1.72251673169395e-06,0.00085570803415596,"Down"
"BTNL9",154.454889049594,-1.75138548397048,0.368326185312558,-4.7549849937611,1.98461158040181e-06,0.000959264689294757,"Down"
"SDCBP2",451.533772445392,-1.51565835450026,0.320294513941379,-4.73207716188876,2.22233896867071e-06,0.00104590289778176,"Down"
"SULT2B1",1105.41765411873,-2.51772376660625,0.533327776091246,-4.7207812521197,2.3494049921577e-06,0.00107735279178842,"Down"
"IL11",115.55818944881,-1.77954738528427,0.378649430781042,-4.6997228587234,2.60514789122185e-06,0.00116476162216529,"Down"
"ALOX15B",212.440733970193,-1.80151634641758,0.385595133300098,-4.67204119253109,2.98221130036376e-06,0.00127082555645103,"Down"
"TMEM178A",60.3301105119105,-1.30677961214035,0.279711476850601,-4.6718841388061,2.98449303125383e-06,0.00127082555645103,"Down"
"PCDHGA7",139.289147338186,1.55254740163549,0.333061509571332,4.6614434782143,3.13999305428543e-06,0.00127626444961001,"Up"
"CHRND",7.32308875131354,-1.91925720896506,0.411433953787243,-4.66480024630522,3.08916975854326e-06,0.00127626444961001,"Down"
"CRLF1",133.915684610458,-1.60796527500269,0.345750232413407,-4.65065565908306,3.30881394280211e-06,0.00131499619006829,"Down"
"TUBA4A",5426.15988760494,-2.01529009630111,0.434543517442886,-4.63771754819926,3.52277742227239e-06,0.00135801704297195,"Down"
"ATP5MG",820.437732202856,-0.663912449234727,0.143238140896623,-4.63502559499067,3.56893318159705e-06,0.00135801704297195,"Down"
"ANKFY1",3945.09235746294,0.533044811384447,0.115364116252275,4.62054258031849,3.82737779621789e-06,0.00140311993330371,"Up"
"LINC00514",11.6804035622954,-1.19464068368255,0.258601336545246,-4.61962300598368,3.84437915074266e-06,0.00140311993330371,"Down"
"RAPGEFL1",1261.45636349772,-1.44542705895593,0.313716175884807,-4.6074355422676,4.07665517380215e-06,0.00143439801261146,"Down"
"LYPD5",1300.36543208655,-2.06707208121499,0.448706933342232,-4.60673086956385,4.09048862912012e-06,0.00143439801261146,"Down"
"S100P",252.059015787252,-2.36254674952195,0.51395434593048,-4.59680274761511,4.29023422133809e-06,0.00147551055412328,"Down"
"FAM83G",1987.56983181814,-1.51054289940356,0.329577379269435,-4.58327237977297,4.57755132345217e-06,0.00154462128053997,"Down"
"FHAD1",104.766159130368,1.4002101831586,0.306587521081198,4.56708145922144,4.94561855310083e-06,0.00163791559636399,"Up"
"PCSK9",109.801269393886,-2.11856752931482,0.464767032420795,-4.55834295793314,5.15587955165992e-06,0.00167650454367065,"Down"
"SLC26A2",4038.66749577657,1.03305393129687,0.228489448557283,4.52123254627176,6.14806028142008e-06,0.00179312708615528,"Up"
"SLC12A8",147.752875838222,-1.1226156489705,0.247464311680738,-4.53647494196588,5.72022824330741e-06,0.00179312708615528,"Down"
"CCL20",106.934462934337,-1.5739326445847,0.34830051039286,-4.51889273090472,6.21638779588613e-06,0.00179312708615528,"Down"
"ATP2C2",138.337360701883,-1.87206519153025,0.413067048137055,-4.53210973853596,5.83974971258918e-06,0.00179312708615528,"Down"
"ANKRD23",58.957872978141,-1.04163030660117,0.229573655394566,-4.53723797188718,5.69957797335911e-06,0.00179312708615528,"Down"
"MPP4",46.0699585206757,1.79752520575388,0.397365098362878,4.523611190715,6.07933584891122e-06,0.00179312708615528,"Up"
"SLC23A3",15.5934716981514,-1.41769766932349,0.313183527464026,-4.52673127735408,5.99030343297793e-06,0.00179312708615528,"Down"
"EFNA3",293.17390532419,-1.40610205849674,0.31304405720675,-4.49170660207767,7.06547145622534e-06,0.0020056966908434,"Down"
"SCNN1D",274.538299366825,-1.13347087252058,0.255173775303125,-4.44195674564954,8.91444827425805e-06,0.00249103113963798,"Down"
"RPS15A",2679.90180907623,-0.625461023754226,0.141852787712939,-4.40922616917436,1.03740639855512e-05,0.00251603420604525,"Down"
"CENPT",1518.30386655711,-0.670689929843174,0.15216244593899,-4.4077231126535,1.0446297008743e-05,0.00251603420604525,"Down"
"PFDN4",829.389728584667,-0.758057070642965,0.17087099154721,-4.43642928374721,9.14633626338158e-06,0.00251603420604525,"Down"
"PCDHGB5",280.275168357434,1.77171159311576,0.401301350435061,4.41491560194104,1.01049406111216e-05,0.00251603420604525,"Up"
"ALB",56.7893311008077,-3.23997046456654,0.732606444143665,-4.42252520499421,9.75539645010434e-06,0.00251603420604525,"Down"
"MYOZ2",42.5050033835011,-2.32744614150992,0.525732678367298,-4.4270524494273,9.55295100360411e-06,0.00251603420604525,"Down"
"SOX15",426.716971327221,-1.81564042920784,0.411381829575647,-4.41351634582578,1.01705035205153e-05,0.00251603420604525,"Down"
"KCNK7",168.065279692348,-1.73256461332596,0.39263354937907,-4.41267593170764,1.02100766552878e-05,0.00251603420604525,"Down"
"SLC13A5",20.2097957589078,-2.04378543005771,0.463911296801036,-4.40555219101348,1.05514742481209e-05,0.00251603420604525,"Down"
"PLIN5",19.9266150916035,-1.63325372676726,0.368844993222422,-4.42802195171014,9.51012246573474e-06,0.00251603420604525,"Down"
"PROC",18.1712690395422,-1.44271014191142,0.3273640258219,-4.40705156374243,1.04787249212785e-05,0.00251603420604525,"Down"
"NPTX2",883.230552359031,1.91348255704353,0.435618633777796,4.39256360649525,1.12021841086191e-05,0.00253594760251322,"Up"
"KRT2",1808.72229513826,-3.40178811935733,0.77347176511307,-4.39807666264332,1.09214404556797e-05,0.00253594760251322,"Down"
"VSIG10L",1054.75801237962,-1.46045436428531,0.332435470136896,-4.39319656137745,1.11696051819127e-05,0.00253594760251322,"Down"
"RPH3A",103.241786245186,1.88692099231263,0.42916098432182,4.39676732332606,1.09875017554269e-05,0.00253594760251322,"Up"
"ODAM",4.16555296328333,3.30899384584231,0.755155436627409,4.38187118220398,1.1766437472297e-05,0.00263038709693199,"Up"
"RPS21",18159.9220783017,-0.695067215632174,0.158906370917372,-4.37406764511407,1.21952562111155e-05,0.00267918852646633,"Down"
"CSMD3",8.13165385599746,1.98556703330477,0.454105551566699,4.37247909974765,1.22843580390427e-05,0.00267918852646633,"Up"
"COL20A1",131.478199786909,-2.36211621590721,0.542962861112624,-4.35041949474561,1.35877335327088e-05,0.00292774730721643,"Down"
"PIN4",801.600785926169,-0.504493095687103,0.11634180501171,-4.33630108830032,1.44900430710673e-05,0.00299252541089766,"Down"
"TRIM58",326.310758703355,1.89537554626054,0.437167010763342,4.33558685718532,1.45371757149839e-05,0.00299252541089766,"Up"
"AMY2B",191.876950452585,-1.40295387636361,0.323801269994534,-4.33276211791045,1.47250187966335e-05,0.00299252541089766,"Down"
"TMEM91",141.209317229912,-0.866930729382328,0.200020663985097,-4.33420583708751,1.46287252210937e-05,0.00299252541089766,"Down"
"CRB3",103.12157365955,-1.85779365253216,0.428168803488208,-4.33892809891116,1.4317935327551e-05,0.00299252541089766,"Down"
"PAPPA2",18.8471224916468,1.64975125619636,0.381508059064578,4.32428940096676,1.53024306871642e-05,0.00307492888100274,"Up"
"SS18L1",1708.34168357671,-0.914414640445443,0.212180227617523,-4.30961287351322,1.6354057266478e-05,0.00319204015098882,"Down"
"EEF1A2",942.45458405834,-1.93114217259095,0.447869644473242,-4.31183983201684,1.6190170007019e-05,0.00319204015098882,"Down"
"ANO9",403.431741111472,-1.55591129345242,0.361108090850604,-4.30871346523256,1.6420694133917e-05,0.00319204015098882,"Down"
"PAGE1",18.2914392961631,3.59133511222369,0.835591131745486,4.29795742891821,1.72379259392412e-05,0.00331487169352032,"Up"
"ITGBL1",119.984896352822,1.27117696727388,0.296056881950764,4.29369166795887,1.75726474075159e-05,0.00332278416580684,"Up"
"CEACAM19",379.191842863849,-1.55862973857598,0.36308771717853,-4.29270852423137,1.76506651616892e-05,0.00332278416580684,"Down"
"CPA4",573.905365338984,-1.83015122961784,0.427389150576506,-4.28216586019823,1.85082937543019e-05,0.0033991630116012,"Down"
"GCNT3",32.4248957618912,-1.64416411063999,0.384083340133487,-4.28074831381275,1.86265922129791e-05,0.0033991630116012,"Down"
"ZDHHC19",11.9754870285047,-1.57518811412264,0.367936110613318,-4.28114574428952,1.85933529989231e-05,0.0033991630116012,"Down"
"TMEM79",1610.92356711947,-1.31465922039233,0.307695228962838,-4.27260190164049,1.93205212005278e-05,0.00349018385000242,"Down"
"ATG16L2",563.987053615455,-0.763005645997506,0.17882667821863,-4.26673275821112,1.98356531502142e-05,0.00354740820938431,"Down"
"ACTN2",131.704422644601,-1.60379585313852,0.376614779748508,-4.25845171081572,2.05847673507548e-05,0.00364493048812771,"Down"
"NLRP4",7.55038365527732,2.76628182423735,0.650693911978975,4.25127970818748,2.12552512449435e-05,0.00372675405161343,"Up"
"IL1RN",1325.03599652725,-1.68996594153995,0.398061157788608,-4.24549320744682,2.18113116828406e-05,0.0037507067128454,"Down"
"KLC3",327.590940196103,-2.05141609390832,0.483197510883936,-4.24550219672193,2.18104372057923e-05,0.0037507067128454,"Down"
"ELMO3",451.234924583647,-1.30788842851562,0.309150991286383,-4.23058138378748,2.33088092667414e-05,0.00397004518977527,"Down"
"LCE5A",33.3350095570758,-2.74012466787932,0.648331996442153,-4.22642208454355,2.37436433428687e-05,0.00400595582588551,"Down"
"KCNQ4",118.783144917042,-1.46664694853235,0.347373493012181,-4.22210381055449,2.42032584202333e-05,0.00400842203251469,"Down"
"ALOXE3",446.772359475725,-2.51056529188432,0.594628534581493,-4.22207335484041,2.42065298317819e-05,0.00400842203251469,"Down"
"PRG4",20.2934138804495,-1.47326094726511,0.349357571616066,-4.21705744189274,2.47510942238542e-05,0.00406099604678356,"Down"
"GIPR",58.2630295558584,-1.09500004506078,0.260164172437144,-4.2088810107984,2.56638485576495e-05,0.00417247516004549,"Down"
"DEGS2",358.147202642103,-2.11954269306389,0.503945363643993,-4.20589779363705,2.60047743753814e-05,0.00418981427864252,"Down"
"XPC",1305.81413331954,0.634617354274086,0.151374131273309,4.19237652388749,2.76047336391139e-05,0.00421951330258045,"Up"
"CLDN4",656.604856443281,-1.89912119436281,0.452933012377138,-4.19294055073533,2.75361623998737e-05,0.00421951330258045,"Down"
"LYVE1",99.3955388133157,-1.17746335063233,0.280569242181313,-4.19669433997121,2.70839065576808e-05,0.00421951330258045,"Down"
"PDE1C",37.8313671444434,1.49740612108842,0.356866129741753,4.19598834490688,2.71684218241717e-05,0.00421951330258045,"Up"
"EPN3",358.79372119362,-2.13750622370371,0.508759110620165,-4.20141119654474,2.652562961857e-05,0.00421951330258045,"Down"
"UPK1B",22.2064081980101,-2.45280844943463,0.584836669105051,-4.19400591482755,2.7407082999214e-05,0.00421951330258045,"Down"
"LLGL2",853.216020059759,-1.10766046966204,0.265740040429655,-4.16821066133335,3.07000140443632e-05,0.00465287331499484,"Down"
"ATP6V1C2",212.61943054551,-1.23603013297872,0.297205134806214,-4.15884514843475,3.19860639338759e-05,0.00480704846549106,"Down"
"RPL39",5916.9698889013,-0.700636249212543,0.168940335249667,-4.14724078875015,3.36506109120543e-05,0.00501506271292649,"Down"
"RPL31",27549.3176276587,-0.590067863319752,0.142719017774244,-4.1344725637976,3.55770750250315e-05,0.00506366561507761,"Down"
"PRSS8",655.101038508196,-2.24954365341561,0.544337370404518,-4.13262762346058,3.58639510741277e-05,0.00506366561507761,"Down"
"MYOM1",92.547533471128,0.905581832844889,0.219055299492584,4.13403298136389,3.56452287846958e-05,0.00506366561507761,"Up"
"HSD11B2",105.536109036098,-1.19762836584163,0.29006936498124,-4.12876542794887,3.6471624799524e-05,0.00506366561507761,"Down"
"LMTK3",144.053210559751,-1.42597912050849,0.344805363649152,-4.13560597032782,3.54019197400384e-05,0.00506366561507761,"Down"
"REN",2.36921896766134,-2.06032567481366,0.498324696514078,-4.13450444905945,3.55721362851478e-05,0.00506366561507761,"Down"
"LEXM",8.66788599406888,-1.81068829436076,0.438331839396172,-4.13086189872743,3.61405656536138e-05,0.00506366561507761,"Down"
"TRPM8",463.297737667105,1.60641848217863,0.38974697892936,4.12169578989806,3.76093635922791e-05,0.00517389121911015,"Up"
"KY",27.2225362811538,-1.65761574503275,0.40250249692668,-4.11827443976007,3.81719943547442e-05,0.00521120570259729,"Down"
"KRT9",90.3588063281838,-3.00313811704019,0.730093538657214,-4.1133607654761,3.89940268782531e-05,0.00525983151769307,"Down"
"HAS3",683.34401320835,-1.57688836880647,0.383425059111818,-4.11263774062979,3.9116394087071e-05,0.00525983151769307,"Down"
"DMKN",22671.6790469696,-1.90618321112218,0.464453785752978,-4.10413967889583,4.05822230344356e-05,0.00541621251304362,"Down"
"CNKSR1",193.87319493443,-1.41948376915829,0.346356792367457,-4.0983280837534,4.16145150617086e-05,0.00551284435084146,"Down"
"STK36",1499.04668246066,-0.511635800698042,0.125599348907775,-4.0735545617655,4.63009980532245e-05,0.00600034093611498,"Down"
"GRIA4",13.5287468938727,-1.65324591490717,0.405684779346227,-4.07519827973686,4.59751568733952e-05,0.00600034093611498,"Down"
"PLEKHG6",111.262607325547,-1.70426451083889,0.418117270904478,-4.07604428095543,4.58082992688214e-05,0.00600034093611498,"Down"
"CEBPB",2579.07355772837,-0.704405637389804,0.173255752648757,-4.06569840608903,4.78888330848177e-05,0.00607407014814808,"Down"
"PAQR5",208.223391182099,-1.15470319519377,0.283902137049092,-4.06725784876392,4.75695982162773e-05,0.00607407014814808,"Down"
"EME2",486.038140368645,-0.595744235252249,0.146733101018617,-4.06005346521411,4.90614803404194e-05,0.00617898249583142,"Down"
"TMEM45B",355.17145239589,-1.85617204561567,0.457987681864075,-4.05288639655282,5.05895718709519e-05,0.00624929534827637,"Down"
"ARTN",38.7004528481879,-1.32872567639609,0.327876096641566,-4.05252377348095,5.0668073445542e-05,0.00624929534827637,"Down"
"LYPD3",11433.4394465323,-2.1640618120305,0.534866689628741,-4.04598352073972,5.21038984900335e-05,0.00633765831824606,"Down"
"TMEM54",2049.98240554021,-1.08674808581161,0.268811318436671,-4.04279139781696,5.28186085525886e-05,0.00633765831824606,"Down"
"PROX1",125.633926443004,1.10990981738763,0.274345873996746,4.04565886564344,5.21761673121519e-05,0.00633765831824606,"Up"
"CYP19A1",40.1953826089639,1.51762300918446,0.375640510481139,4.04009409752055,5.3429760426674e-05,0.00633765831824606,"Up"
"ST6GAL2",23.5486614010974,1.39510103732583,0.344956920377216,4.04427612526302,5.24850330640159e-05,0.00633765831824606,"Up"
"LGALS9C",16.9054493351553,-1.64560435690301,0.407354146862504,-4.03973881100187,5.35107585582172e-05,0.00633765831824606,"Down"
"C8orf89",5.62418986501123,-1.43674475120646,0.355825478650684,-4.03777929746544,5.39595824343059e-05,0.00634877087009952,"Down"
"GNA15",950.750792473916,-1.39885729023678,0.347319933172482,-4.02757560575163,5.63549483660594e-05,0.00658726729789938,"Down"
"JUP",24571.7504192699,-1.68571377464617,0.419490175724957,-4.01848212948717,5.85742506762303e-05,0.00664239790493657,"Down"
"SMPD3",543.917107493895,-1.51196414089963,0.376404591307517,-4.01685892206447,5.897900760991e-05,0.00664239790493657,"Down"
"EREG",122.054318182406,-1.99718069412101,0.497420329898694,-4.01507653402055,5.94265077605598e-05,0.00664239790493657,"Down"
"SH2D5",148.848702258391,-1.29976293721121,0.32314566530169,-4.02221993600858,5.76521856330438e-05,0.00664239790493657,"Down"
"TREX2",234.22990731001,-1.52727733112496,0.380283396730478,-4.01615569929129,5.9155181669398e-05,0.00664239790493657,"Down"
"DBNDD2",17.5908045269531,-0.932879595587189,0.232038805929632,-4.02036026624828,5.81092084313014e-05,0.00664239790493657,"Down"
"SLC9A5",153.345619855308,-0.843765338367642,0.210447067403314,-4.00939461299595,6.08746137250516e-05,0.00673170463306884,"Down"
"GABRE",131.339912393571,-1.43378342487603,0.357641818873769,-4.00899265469313,6.09783130483757e-05,0.00673170463306884,"Down"
"TPCN2",1948.78203632653,1.11875223838957,0.279288282719268,4.00572565199274,6.18273775606159e-05,0.00678356331468745,"Up"
"ENTPD2",89.2926236928681,-1.65490221601888,0.414672728691051,-3.99086340025957,6.58331917308207e-05,0.00717902927386583,"Down"
"SDC1",10822.0574276687,-1.4463190960691,0.362559493763935,-3.98919107331613,6.6299001953955e-05,0.00718600818754261,"Down"
"NABP1",967.314286376628,-0.729718922604485,0.183069154175302,-3.98602880912272,6.7188357575968e-05,0.00723853365595549,"Down"
"ALS2CL",739.239888817957,-1.28519425081746,0.323380442904708,-3.97424853300782,7.06018107465097e-05,0.00740556886925679,"Down"
"LPAR3",222.499057162217,-1.58600040413761,0.399095496083781,-3.97398722787057,7.06793548101056e-05,0.00740556886925679,"Down"
"SLC30A8",65.00640782476,2.70582530896729,0.680187254344081,3.97805941185501,6.94800130184556e-05,0.00740556886925679,"Up"
"BSPRY",276.896898429793,-1.76346951933031,0.443802000060923,-3.97355018474057,7.08092304094671e-05,0.00740556886925679,"Down"
"AL354761.1",2.52596690685963,-2.83492197610552,0.713222583663262,-3.97480680090745,7.04364105476618e-05,0.00740556886925679,"Down"
"SYNE1",1997.70501808784,0.602369544873427,0.151805797111648,3.96802728442844,7.24700384380628e-05,0.00752910338743751,"Up"
"ATP6V0D2",143.776096213245,-2.02339126837535,0.510076587255683,-3.96683815515159,7.2832413667339e-05,0.00752910338743751,"Down"
"PLA2G10",3.80884649556564,-1.31112389153575,0.330852398220066,-3.96286651869351,7.40551910200678e-05,0.00761151170231548,"Down"
"DPEP3",15.3982483250758,1.97068044518278,0.497858027359147,3.95831810855018,7.54793886684636e-05,0.00771356221112459,"Up"
"KRT23",447.61891101951,-2.14898221435392,0.543353562653399,-3.95503473623994,7.65235326477377e-05,0.00777583441972807,"Down"
"SLC9A3",508.620153805797,1.65558316321181,0.418868466307726,3.95251325029446,7.73346454017756e-05,0.00781385761788336,"Up"
"ENTPD8",10.7184074325674,-1.75438729816444,0.4444697349861,-3.94714681353794,7.90880632657392e-05,0.00794612878339596,"Down"
"DUOX1",2129.10322466786,-1.81810844759692,0.462023617702632,-3.93509850565062,8.31625799683291e-05,0.00815549339132158,"Down"
"TLR1",307.404407753759,0.912559221217006,0.232098144403499,3.93178163299115,8.43186398154544e-05,0.00815549339132158,"Up"
"ALOX12B",750.060362889538,-2.43330030804828,0.618799814058901,-3.93228997935132,8.41404811881385e-05,0.00815549339132158,"Down"
"ST6GALNAC1",105.6964748365,-1.67179922240122,0.42521543111982,-3.93165228740283,8.43640280359255e-05,0.00815549339132158,"Down"
"SCART1",73.3001487719482,-1.10736180391238,0.281640156253711,-3.93183208901089,8.43009407225098e-05,0.00815549339132158,"Down"
"RNF223",37.5781435334914,-2.40834811064563,0.613464219972707,-3.92581675057231,8.64359428504607e-05,0.00831086237600881,"Down"
"FBN1",2705.16675293877,0.85160140285138,0.217168677193174,3.92138228154271,8.80424575109267e-05,0.00841082051377886,"Up"
"GSDMA",751.393926112612,-2.00023827004285,0.510217778048009,-3.9203617672739,8.84161404937613e-05,0.00841082051377886,"Down"
"PCDHGB4",40.8391500461116,1.39505793341158,0.356145658548172,3.91709936630573,8.96208146047151e-05,0.00848031030894563,"Up"
"ANKRD2",5.9924153260523,-1.22074714672754,0.311933692572451,-3.9134828195707,9.09743760065551e-05,0.00856308284474333,"Down"
"LRP5L",135.362998504958,-0.767079915031296,0.196311814514078,-3.90745670060671,9.32727498790539e-05,0.0087334547583089,"Down"
"EPHX3",884.676653197804,-2.07494452399969,0.531673600737237,-3.90266607392674,9.5138916827474e-05,0.00886179369032576,"Down"
"ASPRV1",5196.00344376037,-2.15265722987293,0.552015555840715,-3.89963146345479,9.63392169113237e-05,0.00888108533629955,"Down"
"SCNN1G",26.6771460501369,-2.27026364002385,0.582094441948931,-3.90016374735121,9.61276501902806e-05,0.00888108533629955,"Down"
"LCN2",921.01849130563,-2.23048408693726,0.573125718164679,-3.89178851383592,9.9507966609399e-05,0.00907959425940047,"Down"
"THEM5",382.613668541236,-1.75990970122767,0.452100256590319,-3.89274209773885,9.91175059293238e-05,0.00907959425940047,"Down"
"IL37",43.2884705928761,-2.46114222139534,0.63268586758259,-3.8899908272,0.000100248011266025,0.00910068747960198,"Down"
"EPS8L1",1543.33483700015,-1.17374819711443,0.301933346625027,-3.88744141789715,0.000101306426679048,0.00910434238556828,"Down"
"NPIPA1",225.37287868566,-0.803638631127816,0.206817222644555,-3.88574327056399,0.00010201727475317,0.0091223847084285,"Down"
"PRSS3",338.372384834364,-2.33456192356754,0.601706213436015,-3.87990330070905,0.000104498000682194,0.00916684781356889,"Down"
"GRB7",143.798709041949,-1.81700884642789,0.4680757177813,-3.88186948692958,0.000103656507756197,0.00916684781356889,"Down"
"MPIG6B",20.8816581778215,-1.61311352801935,0.415728484805828,-3.88020928797501,0.000104366621318514,0.00916684781356889,"Down"
"B3GNT8",103.6481524255,-1.43809633375604,0.370980431809489,-3.8764749039231,0.000105980735434702,0.00917120325414207,"Down"
"RDH16",68.4669119624767,-1.37614591916621,0.355035508066036,-3.87607968189551,0.000106152934109115,0.00917120325414207,"Down"
"BHMG1",5.0194682304187,1.64118842867208,0.423367366404436,3.87651141515776,0.00010596484075678,0.00917120325414207,"Up"
"LAD1",3688.63686862483,-1.91598311068311,0.496079977005041,-3.86224641085169,0.000112349161423882,0.00965986732165727,"Down"
"PRRC2B",8298.25532985829,0.608528825319009,0.157624787150786,3.86061631751409,0.000113101383753111,0.00967801505761072,"Up"
"NYAP2",1.62407226544495,2.5430472624697,0.659751844351752,3.85455119866835,0.000115942119584699,0.00982705624006043,"Up"
"XDH",80.3200933390774,-1.78315718926858,0.463019484005334,-3.8511493595117,0.000117564767254519,0.00991758630933878,"Down"
"HABP4",1680.20528946708,0.56749923229788,0.147655390443913,3.84340341786198,0.000121339764572538,0.0101349337218858,"Up"
"B3GNT3",107.135049294584,-1.65777118970968,0.431438819106131,-3.84242473392706,0.000121824779138813,0.0101349337218858,"Down"
"NPPC",37.8533825039389,-2.05159679318545,0.535254926123941,-3.8329339779124,0.000126623945853352,0.0104839937390803,"Down"
"THBS1",4527.56429413409,1.03382185660622,0.269904859300551,3.83031954031998,0.000127976960286727,0.0105471887454739,"Up"
"SCNN1B",351.431323717623,-2.13629961011693,0.558056384753116,-3.82810710258611,0.0001291325656572,0.010557141040655,"Down"
"CHKB",20.3608233249766,-0.903940914663697,0.236149743295647,-3.82782933425429,0.000129278343094579,0.010557141040655,"Down"
"C6orf132",1140.14041611502,-1.85569277959342,0.485706763893369,-3.82060312423571,0.000133125726885624,0.0107244166649662,"Down"
"SLURP1",789.981186844737,-3.34497409370015,0.875345832925795,-3.82131720730281,0.000132740783906508,0.0107244166649662,"Down"
"CEP295NL",23.0143292351519,1.123316719293,0.2943628685991,3.81609516390083,0.000135580231928672,0.0108731698108178,"Up"
"NOXA1",228.906656846098,-0.973809116201407,0.255608316888864,-3.8097708558709,0.000139095648553151,0.0110918850087416,"Down"
"CLCN1",9.62136927869997,-1.56052277726257,0.409814980768502,-3.80787147979855,0.00014016808387249,0.0110918850087416,"Down"
"DUSP5",1376.01345618138,-0.90201603710426,0.237069804981835,-3.80485417437861,0.000141887757025296,0.0111785050512793,"Down"
"CPPED1",2888.6080828925,0.613108831275556,0.161207236727714,3.80323392250141,0.000142819378635378,0.0112025516119083,"Up"
"TMEM67",591.68386671772,0.881326971509634,0.231917307435763,3.80017766355685,0.000144592386201836,0.0112920970953434,"Up"
"PAX6",18.74454848122,1.84022773036336,0.484566943606373,3.79767492323667,0.000146059699734745,0.0113570942176356,"Up"
"CKMT1B",216.303223489924,-1.685964163055,0.444265702041947,-3.79494558167763,0.000147675843170205,0.01143305099245,"Down"
"LCE2A",445.037526514159,-1.88563521943324,0.49710664058451,-3.79322074075708,0.00014870585150676,0.011463170035978,"Down"
"YJEFN3",204.012098176197,-1.28701138811943,0.339676808085,-3.78892923357126,0.000151298000879783,0.0115312120921453,"Down"
"TMEM151B",52.3126141123019,1.93486965655944,0.510431425652303,3.79065543248397,0.000150250272416326,0.0115312120921453,"Up"
"OR2W3",21.4216642434588,1.96163245418874,0.517777819323818,3.78856022985013,0.000151522860750065,0.0115312120921453,"Up"
"HDAC10",53.052344505825,-0.81917543116372,0.217005114615253,-3.77491301353014,0.000160063507843734,0.012129558365582,"Down"
"CARHSP1",1914.85784180892,-0.706847111746746,0.187575625475536,-3.76833135944378,0.000164342454762835,0.0121544759581226,"Down"
"KRT79",190.624016759996,-2.16535768453878,0.574329745184059,-3.77023426471641,0.000163094381129244,0.0121544759581226,"Down"
"SCNN1A",694.397623631166,-1.83475599273906,0.48691322562267,-3.76813751647998,0.000164470095161355,0.0121544759581226,"Down"
"NUDT10",57.6418663326209,1.88016792084791,0.49863824609811,3.77060511414919,0.000162852189850132,0.0121544759581226,"Up"
"MFSD2B",42.3196151588633,-0.730141505647924,0.193524857365844,-3.77285644638222,0.000161389155904314,0.0121544759581226,"Down"
"PCDHGA5",41.106131927391,0.942319647308029,0.250272687133714,3.76517173368012,0.000166434651107687,0.012249042388518,"Up"
"MAPK13",1318.8884785245,-1.32767522613288,0.353097565395476,-3.76008037508232,0.000169858774293378,0.0122583438200454,"Down"
"LTB4R",1597.63629008852,-1.19456072586283,0.317680885385463,-3.76025370369197,0.000169741122997332,0.0122583438200454,"Down"
"PPP1R13L",1225.85295336805,-1.29377527479451,0.344143479644315,-3.75940661764585,0.00017031683364076,0.0122583438200454,"Down"
"TMPRSS13",1110.21970735781,-1.70001130352362,0.45213054377317,-3.76000101505309,0.000169912667570793,0.0122583438200454,"Down"
"SEC14L6",17.9993172729563,-1.69647377487792,0.451156016384964,-3.7602818388004,0.000169722032794207,0.0122583438200454,"Down"
"NPIPB3",62.0916445601884,-0.794684240907747,0.211415000342708,-3.75888295352529,0.000170673653052521,0.0122583438200454,"Down"
"S100A2",10229.7490234244,-1.89639490883851,0.504770563638996,-3.75694433361368,0.000172000738094295,0.0122913415836227,"Down"
"CPSF4L",4.29447967487056,1.38398483879796,0.368452706855446,3.75620754861474,0.000172507645800117,0.0122913415836227,"Up"
"HSPE1",1074.19364852094,-0.528389845183294,0.14081283587436,-3.75242670103418,0.000175131046363481,0.0124062321006903,"Down"
"NPIPB13",9.66878854188043,-1.28809702554814,0.343747844549951,-3.74721484358563,0.000178808928591723,0.0124914799958374,"Down"
"DDN",58.8097200641317,-1.13956972189875,0.304663158337222,-3.74042509149529,0.000183709292080305,0.0126363729983238,"Down"
"RAET1G",47.3255345429791,-1.50349083240497,0.401843496554848,-3.74148355092206,0.00018293715301113,0.0126363729983238,"Down"
"NPC1L1",8.9143511088136,-1.50248544849778,0.401668117990721,-3.74061415681611,0.000183571145819542,0.0126363729983238,"Down"
"LYPD2",66.0165913654584,-2.8414070345531,0.76031342873518,-3.73715224164845,0.000186116242331867,0.0127528845895138,"Down"
"S100A16",11414.891962816,-1.16101673202585,0.31100065820802,-3.73316487082569,0.000189088731953386,0.0128093290994483,"Down"
"AC013394.1",4.75908353914285,-1.20753988218294,0.323393940847764,-3.73395951395201,0.000188492807405986,0.0128093290994483,"Down"
"LRRN2",48.4968559428244,1.3663170652604,0.366471185088366,3.72830694705489,0.000192770498058457,0.0129120134354961,"Up"
"RPP21",36.7730735222103,-0.821379884340339,0.220265958308315,-3.72903689089633,0.000192213013572672,0.0129120134354961,"Down"
"PET100",66.6407552379543,-0.743359995340563,0.199447241750605,-3.72710090556219,0.000193694926096214,0.0129159662665762,"Down"
"SLC26A9",53.8385415607163,-1.92894532433852,0.517650306381239,-3.7263482713326,0.000194273927852214,0.0129159662665762,"Down"
"RNF222",124.291471278036,-2.38145493791031,0.639596095029735,-3.72337316693529,0.000196578636148711,0.0130207864032724,"Down"
"CHAC1",1287.0535228537,-1.28408575270769,0.344989645134942,-3.72209940447756,0.000197573208089186,0.0130383736290295,"Down"
"WNT7B",169.842397886453,-1.80313145882408,0.484904603537568,-3.71852823353199,0.000200386898209013,0.0131271768775457,"Down"
"GADL1",24.1301120108909,-2.1908503241383,0.589164111272501,-3.7185739630447,0.000200350631628357,0.0131271768775457,"Down"
"CST6",512.43527813407,-2.1170608356953,0.569643740039613,-3.71646467237238,0.00020202987460184,0.0131865046619683,"Down"
"ZNF432",687.344072699826,-0.9938728947024,0.267538613772207,-3.71487644601696,0.000203303005720414,0.0132213489247414,"Down"
"RPL34",18177.3373145562,-0.532258251053336,0.14340254542124,-3.71163740148298,0.000205922835681,0.0132472086090612,"Down"
"PTCH1",891.703127350616,0.734505791543315,0.197864407994259,3.71216733210871,0.000205492054358623,0.0132472086090612,"Up"
"TPSG1",6.18402254612755,-1.49363510172809,0.402339808906677,-3.71237215076209,0.00020532578392149,0.0132472086090612,"Down"
"KRT80",3325.84046025501,-1.98678085470532,0.535695199954617,-3.70878972757948,0.000208252276808283,0.0133130283334245,"Down"
"CNKSR2",126.694630630601,-1.22751351384052,0.331132998191746,-3.70701053819383,0.000209720219321286,0.0133130283334245,"Down"
"TGM5",196.348629921337,-2.08872743198566,0.56349066319617,-3.70676493579896,0.000209923618319487,0.0133130283334245,"Down"
"PSG4",37.0365573951359,-2.02456024662641,0.546513778284428,-3.70449991760821,0.000211808176859369,0.0133379487146231,"Down"
"FUT2",238.79474206049,-1.42449140838721,0.384479652779964,-3.70498516134075,0.000211403108146017,0.0133379487146231,"Down"
"SCD",42662.314658106,0.873967461578117,0.236012211442136,3.70306034691086,0.000213014185584144,0.0133668269999538,"Up"
"SBSN",21649.0186755286,-2.32473602548638,0.62887740819404,-3.69664420314028,0.000218468186984935,0.0135150693076947,"Down"
"NPTXR",1028.19594030291,1.2897600121222,0.349058107299686,3.69497222711654,0.000219910823559559,0.0135150693076947,"Up"
"GLDC",925.405549571743,-1.35278111839126,0.365930724129324,-3.69682300279649,0.000218314439704617,0.0135150693076947,"Down"
"TINCR",627.068066813101,-1.36012033856586,0.368081528719734,-3.69516053494086,0.000219747899507789,0.0135150693076947,"Down"
"CAMSAP3",409.826327235893,-1.70220821653003,0.460348128993315,-3.69765425190802,0.000217600993469438,0.0135150693076947,"Down"
"LGALSL",1294.24013872052,-0.877667994473428,0.237736134161691,-3.69177364462611,0.000222695621264165,0.0136393441461929,"Down"
"AQP11",152.180359920944,0.935350921911251,0.253555805191442,3.68893514863536,0.00022519460640897,0.013649973279119,"Up"
"C10orf82",7.03618190800503,-1.56243154762075,0.423637941846566,-3.68812939844429,0.000225908763432225,0.013649973279119,"Down"
"ARL4D",778.15646949788,-0.962949032153205,0.261172251270024,-3.68702657908944,0.000226889666929344,0.0136622720652,"Down"
"FNDC1",451.927184070576,1.06962742572841,0.290224963935857,3.68551144333954,0.000228243825875639,0.0136976932280534,"Up"
"LUC7L",2367.74872771542,-0.581480266878167,0.157900271917972,-3.68257926230958,0.000230886046936169,0.0137181596790912,"Down"
"NPIPB4",126.566755411077,-0.836602969819562,0.227148747625042,-3.68306221613229,0.000230448886266029,0.0137181596790912,"Down"
"VIPR1",114.535733102907,-1.61476240864498,0.438315859871312,-3.68401547030279,0.000229588297496084,0.0137181596790912,"Down"
"IFFO2",5230.20966454413,-0.965461053114769,0.262420468600954,-3.67906153914725,0.000234093781473982,0.0138511995200397,"Down"
"ACKR2",81.3566197025977,-1.28639654835127,0.349793427539365,-3.67758924860446,0.00023544870577567,0.0138511995200397,"Down"
"TMEM125",64.4133472028893,-2.01838302183609,0.548815513467714,-3.67770766734135,0.000235339455451176,0.0138511995200397,"Down"
"SLC24A4",603.962191820953,-1.4892590633062,0.405188333064485,-3.6754737039015,0.000237408494619424,0.0138752075744241,"Down"
"CRABP2",4764.88333986296,-1.48453680924843,0.404068146678303,-3.67397633654686,0.000238804858425587,0.0139113553357759,"Down"
"ECRG4",49.060196771449,-1.94278311884102,0.529249740030897,-3.67082489020703,0.000241768940696782,0.0140382978422768,"Down"
"TG",56.5296904078379,1.05002133542045,0.286248158010162,3.6682204095901,0.000244244589455741,0.0141361496369789,"Up"
"TPPP3",744.804427848684,-0.966827276252411,0.263659867818326,-3.6669489530299,0.000245461772499994,0.0141607688367416,"Down"
"FAM9C",3.04424139825639,2.66282163153626,0.726400474362066,3.66577628390838,0.000246589426834685,0.014180081381066,"Up"
"GDPD2",61.9868983031696,-1.60336691778048,0.437645443194614,-3.66362072932058,0.000248674923009297,0.0142541741124945,"Down"
"PCDHGA9",89.8138737007043,1.31456519228346,0.358937089605487,3.66238327091892,0.000249879625321098,0.0142774671541294,"Up"
"LCAT",348.38461894422,-0.717574225528941,0.195991777289108,-3.66124658623022,0.000250991042753107,0.0142952987534923,"Down"
"HSD3B7",1080.14690163061,-0.843845709237784,0.230546083753351,-3.6602040490116,0.000252014480128744,0.0143080221035634,"Down"
"RPS25",18120.2579664808,-0.523152443696301,0.143197564302205,-3.65336132807564,0.000258829600297827,0.014611971645933,"Down"
"GALNT15",90.2145096853489,0.942671356931921,0.258097705700186,3.65238177679485,0.000259819222959444,0.014611971645933,"Up"
"LUZP4",22.0809187352184,-2.97802906640812,0.815194802916268,-3.65315021115757,0.000259042588587093,0.014611971645933,"Down"
"SPAG6",22.2165310838707,1.71473241603018,0.469707565419821,3.65063827425808,0.000261589434045872,0.0146516538276584,"Up"
"BDKRB1",17.602542854436,-1.24192315353959,0.340305488767178,-3.64943615231917,0.00026281655055633,0.0146516538276584,"Down"
"PCDHA13",10.0987927406447,2.4914168945311,0.682715787374636,3.64927388615367,0.000262982603370518,0.0146516538276584,"Up"
"GJB5",388.598922793284,-2.03522613522536,0.557979623404966,-3.64749186145146,0.00026481269667087,0.0147077958610616,"Down"
"LTB4R2",83.2575178988325,-1.00752466760143,0.276613308053452,-3.64235789916058,0.000270152113636226,0.0149578959760689,"Down"
"ALDH3B1",2342.46248533959,0.856425451480234,0.235243812352502,3.64058651709367,0.000272017681849419,0.0150147043894908,"Up"
"KRT34",44.472580061665,-2.36518995620326,0.650006176311564,-3.63871920359963,0.000273997351519433,0.015077441952534,"Down"
"SLC25A29",1157.96256797055,-0.548242492669956,0.150767707530728,-3.63633898564264,0.000276540365333657,0.0150781947976437,"Down"
"RNASE7",274.639140678997,-2.25036696417197,0.618631804517533,-3.63765158489874,0.000275135267703645,0.0150781947976437,"Down"
"XAGE2",16.9644440307625,3.14866652848296,0.865717372667369,3.63706057876785,0.000275767091696108,0.0150781947976437,"Up"
"ZPLD1",3.70813293329978,1.51716879783181,0.41752881120427,3.63368648370843,0.000279400337912111,0.0151878287027969,"Up"
"DPP6",288.793354854003,-2.12995980085228,0.586395610395296,-3.63229151633051,0.000280915513615811,0.0152239183197126,"Down"
"ZNF503",997.449089032213,-0.615423080149562,0.169671276613805,-3.62714946472849,0.000286567426569859,0.01533623364859,"Down"
"PCDHGA2",120.802887584046,1.0842754776153,0.298951628545265,3.62692614484662,0.000286815287425902,0.01533623364859,"Up"
"RRAD",54.4131581613555,-1.15406703703212,0.318230601712055,-3.62651181509049,0.000287275680623891,0.01533623364859,"Down"
"SPRR2B",658.375709668024,-3.02019431095628,0.83245682771179,-3.62804917974909,0.000285570871915461,0.01533623364859,"Down"
"JPH3",10.2764313449271,1.33017090108977,0.366773439670612,3.62668273439962,0.000287085675391019,0.01533623364859,"Up"
"GPR55",57.6195699087956,-1.20263126008684,0.331726624551188,-3.62536851455304,0.000288549682253347,0.0153584003494609,"Down"
"PM20D1",7.7357580945464,-1.53934257602169,0.424993828735012,-3.62203512602412,0.000292294419541565,0.015511553113001,"Down"
"NEU4",10.8138593061802,-1.49978948258099,0.415055347837576,-3.61346863832702,0.000302127913987571,0.0159779912005696,"Down"
"SPACA4",1.60634943927541,-1.93197906823839,0.534754713496271,-3.61283223780665,0.000302870667467742,0.0159779912005696,"Down"
"RTEL1-TNFRSF6B",116.24735571421,-0.895358197454527,0.248353725012538,-3.60517321578054,0.000311944795391827,0.0163601780668253,"Down"
"MYO10",25399.5136128533,0.615773236747115,0.170946560466012,3.60213879161111,0.000315609771824604,0.0164558751000327,"Up"
"ST14",2151.26290178229,-1.43591099371173,0.398562024360531,-3.60272907589619,0.000314893683701273,0.0164558751000327,"Down"
"KLHL23",160.4379563734,-0.982970821816075,0.27301857879679,-3.60038069990727,0.000317751597428345,0.0165193882802573,"Down"
"MAGEA4",130.921935527295,3.22517251191528,0.896089221817374,3.59916449544417,0.00031924121317607,0.0165487242215676,"Up"
"KRT31",18.9840239045839,-2.18000680356695,0.605825984876124,-3.59840425796973,0.000320175674809154,0.0165491958621009,"Down"
"PRRG2",87.5617736202983,-1.15489346059766,0.32105315966911,-3.59720322263122,0.000321657171322062,0.0165778583628927,"Down"
"SPNS2",624.704623745389,-1.11105814310294,0.309150994717879,-3.59390123947962,0.000325763357518784,0.0166455768167598,"Down"
"PDE1A",86.4623569442705,1.19202565619184,0.331677488386457,3.59392994077108,0.000325727455575928,0.0166455768167598,"Up"
"GJB3",677.215133872014,-1.95945976800504,0.545119930102629,-3.5945480247551,0.000324955203107548,0.0166455768167598,"Down"
"C5orf15",3726.27093909391,0.510642514737561,0.142143765684702,3.59243694071148,0.000327599945343214,0.0166917305484844,"Up"
"PLK3",1544.85937983474,-0.589391174289016,0.164133456697499,-3.59092647013018,0.00032950459401365,0.0167410799981253,"Down"
"DENND1A",2197.6094564598,0.553973766733042,0.154587320838392,3.58356535147003,0.000338935913608328,0.0171714727449613,"Up"
"CDC42EP4",2732.62584652208,0.834993935723157,0.233066594977258,3.58264098638688,0.000340137931852864,0.0171836914498774,"Up"
"KANTR",498.08807144772,-0.786876482537004,0.219820327249016,-3.57963475163795,0.00034407478827438,0.0173336155309831,"Down"
"TNFSF15",70.0182725100573,1.17138625327837,0.327463528149184,3.57715028570973,0.000347360483190678,0.0173501328336111,"Up"
"CXXC4",29.5945357196581,1.46275797491949,0.408878674559412,3.57748658937931,0.000346914011984477,0.0173501328336111,"Up"
"DDTL",73.9152191496194,-0.669803523074618,0.187281328540447,-3.576456490856,0.000348283252475194,0.0173501328336111,"Down"
"RHBDL1",95.5777315158059,-0.843780870918113,0.236073493529019,-3.57422961089189,0.000351260588299199,0.0174015079256035,"Down"
"AC068946.1",7.02692665425789,-1.0582118183371,0.296038559615184,-3.57457427070532,0.000350798226707967,0.0174015079256035,"Down"
"D2HGDH",973.689702310974,-0.597675974184918,0.167313953608911,-3.5721824826515,0.000354018581205994,0.0174415104856419,"Down"
"GAST",2.39115629531585,-2.23722596504478,0.626859433976237,-3.5689436000888,0.000358423567851973,0.0176100194710569,"Down"
"HCAR2",100.101016081795,-1.53558457629179,0.430540798760237,-3.56664125842099,0.0003615859381136,0.017692211169798,"Down"
"NPIPB6",2.65088447564304,-1.52042284334223,0.426332174947068,-3.56628688306483,0.000362074999337177,0.017692211169798,"Down"
"NACC2",3788.65829186502,0.508729048900805,0.142854567949296,3.56116753005316,0.000369209405134791,0.0179916648540344,"Up"
"BNIPL",642.258830240439,-1.70474836514237,0.479763661095722,-3.55330864627999,0.000380417845419631,0.0184373787194707,"Down"
"TMPRSS4",512.828356622769,-2.18561461085262,0.615873674601399,-3.54880343321571,0.000386985845807796,0.0186545953272955,"Down"
"OCIAD2",504.997774683073,-1.02637362734136,0.289643277750624,-3.5435782777774,0.00039473610935617,0.0189261677740637,"Down"
"KPNA7",2.55792313450623,-1.70662708675815,0.48161100869423,-3.54357989321143,0.000394733690992285,0.0189261677740637,"Down"
"PABPN1",458.139075761676,-0.70153189624447,0.198035192967746,-3.54246074009042,0.00039641242560768,0.0189557214426945,"Down"
"NDUFA4L2",2711.19426668035,-1.24326570256939,0.351220709010961,-3.53984167411551,0.000400367142612356,0.0190937759426117,"Down"
"EPYC",25.6947997351372,1.59307314809598,0.450304559207415,3.5377681960404,0.000403524145843603,0.0191931537879441,"Up"
"FRMPD4",10.3680667255074,1.89079262206952,0.534566254307482,3.53705945116007,0.000404608577727038,0.0191936864829452,"Up"
"NES",28909.8328536365,0.827864209292011,0.234156596091178,3.53551521977903,0.000406980800296166,0.0191995599423049,"Up"
"TM7SF2",1004.85902067185,-1.03117752828298,0.291714612013772,-3.53488473259712,0.000407953074148729,0.0191995599423049,"Down"
"ZFP42",12.2054621090873,-1.83506499166207,0.519110140728541,-3.53502050467876,0.000407743516989882,0.0191995599423049,"Down"
"PLEKHG5",592.848100383361,-0.964595004939699,0.272953815909209,-3.53391287726327,0.000409456022285003,0.0192197152297769,"Down"
"SERPIND1",12.2432498013241,-1.70518275563078,0.482693639542055,-3.53263978628045,0.000411432648919451,0.019261941081873,"Down"
"JTB",417.722232202488,-0.556371733799812,0.157631258935053,-3.52957743000103,0.000416223887968559,0.0193344104218954,"Down"
"NECTIN4",781.422069368716,-1.56504659458157,0.443408526727673,-3.5295816391523,0.000416217266884505,0.0193344104218954,"Down"
"EPHA1",370.639514124102,-1.39672945343248,0.395649516955241,-3.5302190286523,0.000415215774185151,0.0193344104218954,"Down"
"KLK5",3461.64127366625,-2.5332322585456,0.718629846997658,-3.52508634191735,0.000423344783061281,0.0196080298972994,"Down"
"SELENOV",1.21072289695666,-1.59708547169775,0.453140114499607,-3.52448485709852,0.000424307066106849,0.0196080298972994,"Down"
"SLC6A4",14.7764363682654,-0.954333726125312,0.270827469941982,-3.52377004566691,0.000425453310117682,0.0196103273148057,"Down"
"ESYT3",129.833024184778,-1.30533012273371,0.370686024691372,-3.52139016792045,0.00042929046215165,0.0197363255144476,"Down"
"CRYBG2",522.965188782941,-1.81645448910986,0.515996590879405,-3.52028389570192,0.000431085118953408,0.0197680160701609,"Down"
"SLURP2",13.1796556363518,-2.81551758448351,0.80011462613432,-3.51889278425821,0.000433351800369312,0.0198211345212398,"Down"
"MAEL",5.87797461589796,2.21998373442127,0.631227473427425,3.51693141993212,0.000436566562239382,0.019917235711962,"Up"
"SGPP2",552.010240983661,-1.33842810670064,0.380819955244666,-3.51459551493498,0.000440424255966242,0.0199463243011427,"Down"
"FAIM2",63.8568608832896,-1.18705857981043,0.337758414792228,-3.51451963244396,0.000440550106181579,0.0199463243011427,"Down"
"TRPM3",106.925017442932,1.07977968840641,0.307403180892924,3.51258462996362,0.000443770649298677,0.020041399727418,"Up"
"TMEM184A",326.200256860249,-1.80287496069658,0.513563226973456,-3.51052191045946,0.000447227949549597,0.0201466615862594,"Down"
"CCDC154",153.505863537529,-1.01443272561017,0.289326974062239,-3.50618095287566,0.000454586057932494,0.0204266760303134,"Down"
"AKR1C2",188.70215846371,-1.38158187004053,0.394339098189642,-3.50353763140197,0.000459121779324246,0.0205787817078567,"Down"
"CD207",173.348835932129,-1.48025271267048,0.422588355308265,-3.50282418830656,0.000460353205909131,0.0205823918361972,"Down"
"ALG8",4649.34071396939,0.718787340860257,0.205564931597942,3.49664378682114,0.000471150505565738,0.0206430450058628,"Up"
"MAPK8IP3",3366.89464331545,-0.692292108923725,0.19796225122303,-3.49709151440074,0.000470360446820796,0.0206430450058628,"Down"
"NKAIN4",892.807968488263,-1.29147309347357,0.36934737436344,-3.4966353712393,0.000471165367522663,0.0206430450058628,"Down"
"NOX5",267.366439076547,-1.41619060497151,0.405076376973318,-3.49610761198448,0.000472098267020683,0.0206430450058628,"Down"
"CITED4",570.753757254755,-1.3181357109795,0.376731230360587,-3.49887560348488,0.000467224507054476,0.0206430450058628,"Down"
"PLCH2",276.326195512167,-1.25215899986337,0.358039823377512,-3.49726180750322,0.000470060272694988,0.0206430450058628,"Down"
"CCDC17",49.2316661053549,-0.761229885269049,0.217535886297271,-3.49933014835447,0.000466428665442032,0.0206430450058628,"Down"
"CORO6",112.143511422929,-1.0986276086653,0.31445282562918,-3.49377559723652,0.000476241144751112,0.0207647142379244,"Down"
"KRTCAP3",103.677780404501,-1.00935062668824,0.288964396878382,-3.49299303856126,0.000477638960502837,0.0207647142379244,"Down"
"EEF1AKMT2",156.170845941737,-0.546206050450545,0.156455426047383,-3.49112884256968,0.000480984241172989,0.0207760861474671,"Down"
"PRODH",236.993376794789,1.35295853035285,0.387520073575308,3.49132502445689,0.000480631168672915,0.0207760861474671,"Up"
"SLC5A10",158.878832591323,-1.32615624484124,0.379959706793953,-3.49025494316533,0.000482559956474447,0.0207760861474671,"Down"
"ADIPOQ",2.75232172856955,3.35886097853445,0.962462837393747,3.48986043724027,0.000483272860509187,0.0207760861474671,"Up"
"CDH11",914.033815164877,0.784938899172297,0.225166053336845,3.48604457705727,0.000490219308634201,0.0209738806593638,"Up"
"CRACD",987.109073734402,0.726886547031632,0.20850885210145,3.48611840555318,0.000490084031350225,0.0209738806593638,"Up"
"CIR1",1690.02546941449,-0.544543733547892,0.156336377284982,-3.48315435604124,0.000495542558845281,0.0209756733896318,"Down"
"ZNF692",1562.59286899474,-0.652416512343536,0.187249604394501,-3.48420769407349,0.000493596294336464,0.0209756733896318,"Down"
"SMAGP",249.208888739339,-1.00010749640022,0.287137962131943,-3.48302080635599,0.000495789830603674,0.0209756733896318,"Down"
"PRSS27",455.764932628597,-1.15169967646177,0.33060380786819,-3.48362495849093,0.000494672138754012,0.0209756733896318,"Down"
"VTN",69.6566560101273,1.19838386800506,0.34414489037953,3.48220735366276,0.000497298452091472,0.0209756733896318,"Up"
"TJP3",36.7127880513236,-1.22027441539588,0.350417564583331,-3.48234374851291,0.000497045197210233,0.0209756733896318,"Down"
"FOSL1",1995.37798103504,-1.00265992813075,0.288325507940946,-3.47752765716487,0.000506060839410574,0.0212010782949595,"Down"
"PAPLN",562.23485124833,-0.771953658542702,0.22233270419386,-3.47206526067172,0.000516470768703205,0.0212010782949595,"Down"
"NOX4",414.512219440913,-1.26826498292797,0.365288486316372,-3.47195444268544,0.000516684010521552,0.0212010782949595,"Down"
"ZC3H12A",711.600137731449,-1.04063964374406,0.29976258039298,-3.47154618958714,0.00051747030092587,0.0212010782949595,"Down"
"LY6G6C",1225.3398141755,-2.52236575703042,0.726646119977258,-3.47124368751788,0.000518053635366656,0.0212010782949595,"Down"
"OMG",117.501991367953,1.17957815673929,0.33921539959621,3.47737207138419,0.000506354619761379,0.0212010782949595,"Up"
"WNT10A",140.555404722623,-1.29246665568324,0.371870375240889,-3.47558381020809,0.00050974268727808,0.0212010782949595,"Down"
"ANKK1",23.4596079054363,-1.32364218173274,0.381284132671798,-3.47153754460614,0.000517486963104205,0.0212010782949595,"Down"
"CLDN9",18.2724092507056,-1.37938236958403,0.396596447975736,-3.4780502362654,0.000505075257307113,0.0212010782949595,"Down"
"CDSN",8.53986409914938,-2.473535603996,0.711903103394272,-3.47453971221992,0.000511730610826127,0.0212010782949595,"Down"
"USH1G",85.0576499786686,-2.02460500833662,0.583563675083615,-3.46938148274312,0.000521658167397692,0.0212998508350236,"Down"
"AOC2",73.1203354830427,-0.885933374934432,0.255991129172231,-3.46079716824241,0.000538578438009143,0.0218907654212625,"Down"
"RNF39",261.983781221647,-1.16203704272051,0.336008170383389,-3.45835948392151,0.000543475689291088,0.0219898625051625,"Down"
"CSTA",5498.49274477094,-1.80465180247336,0.522488194898897,-3.45395708475781,0.000552425276224488,0.0222512919819792,"Down"
"USP43",107.844533937177,-1.11580427227929,0.323309030622265,-3.45120045094853,0.000558098897636834,0.0223501383745561,"Down"
"ASPG",102.052815546229,-1.71347530589227,0.496523580381584,-3.45094447392698,0.000558628486548121,0.0223501383745561,"Down"
"EDN2",21.2030812484327,-1.80169931079168,0.522060037983715,-3.45113431349803,0.000558235684085132,0.0223501383745561,"Down"
"CENATAC",517.282924817857,-0.641634692499951,0.185981447821826,-3.44999299669207,0.000560601096615302,0.0223789955622055,"Down"
"STARD10",1659.93888144408,-0.827323076492894,0.239865151914103,-3.44911743073526,0.000562422056724165,0.022401683880746,"Down"
"C15orf62",94.2589732104349,-0.884534909459152,0.256497493172953,-3.44851288220085,0.000563682581063672,0.0224019983994283,"Down"
"RAB25",1842.79397805069,-2.08494858777576,0.605113281416503,-3.44555086098114,0.000569896709144058,0.0225987422313355,"Down"
"HOPX",1059.4870884241,-1.57264637490857,0.456672998247097,-3.44370343975897,0.00057380471839612,0.0227033707606111,"Down"
"TSTD2",425.34335267372,0.572920428214936,0.166503008945192,3.44090134973791,0.000579779874132611,0.0228891462891559,"Up"
"IGFL2",140.311456929774,-1.76826040786995,0.514246370423115,-3.43854718199576,0.000584844610971946,0.0230382401379345,"Down"
"KIF26B",2483.86918819275,0.979115308471769,0.285176447105115,3.43336666969159,0.000596135317581601,0.0231264295436646,"Up"
"FCGBP",781.483121680116,-1.27526105947779,0.371203410834861,-3.43547775223737,0.000591510028652526,0.0231264295436646,"Down"
"GPR27",148.340729571364,1.4641721526046,0.426081072037951,3.43636985703554,0.00058956552564275,0.0231264295436646,"Up"
"RHOV",686.385117456148,-1.69955625641925,0.494760037327485,-3.43511223258782,0.00059230846734194,0.0231264295436646,"Down"
"KLK3",1.2969513780208,-2.07483858608494,0.603819256682145,-3.4361914813478,0.000589953850967174,0.0231264295436646,"Down"
"RHBG",18.9270119619384,-1.72750976474334,0.503022539530952,-3.43425916133732,0.000594175815131141,0.0231264295436646,"Down"
"EDDM13",23.1203838898179,-1.01420428554972,0.295902886690458,-3.42749033945947,0.000609187978482582,0.0235345555250603,"Down"
"NR1H4",1.87070953982726,1.9976226971853,0.582831276603355,3.42744594769711,0.000609287587122731,0.0235345555250603,"Up"
"ARL6IP4",17.7965372724596,-0.826134127012859,0.24122989962053,-3.42467549964752,0.00061553414378021,0.0237245961796665,"Down"
"DEF6",820.812044257107,-0.836491074071845,0.24429826045572,-3.42405661223881,0.000616937674128532,0.023727555621752,"Down"
"GPT2",1247.68217197851,-0.743029734884359,0.217068841621681,-3.42301423517683,0.000619308339716621,0.0237676187714422,"Down"
"LIF",1052.15255192184,-1.27565012449271,0.373202262307622,-3.4181200205084,0.000630552947385174,0.0240957455364027,"Down"
"PTK6",805.917899245524,-1.25342807311209,0.366928183075587,-3.41600381471348,0.000635473567735179,0.0242320027406737,"Down"
"PUS10",221.533061195419,-0.506469432676095,0.148510723211395,-3.4103223102292,0.000648861494003177,0.0246374500185835,"Down"
"PI3",11568.1288939091,-2.11703649286988,0.621172423832752,-3.40813019323581,0.000654096782625915,0.0247836162298345,"Down"
"TNFAIP8L3",199.648241178714,-1.29932662073744,0.381595790956377,-3.40498153158607,0.000661685285897554,0.0249653579177043,"Down"
"KRT17",84944.3084639277,-2.07728740365595,0.610250929397813,-3.40398892256631,0.000664094465080621,0.0250035061336881,"Down"
"DNASE1L2",111.194805819388,-1.28437692900014,0.377714951059827,-3.40038678743406,0.000672905944096996,0.0252290354386387,"Down"
"CCN3",7528.51826173713,1.21569211885705,0.358097023024878,3.39486798462603,0.000686616997619527,0.0254850147501627,"Up"
"SHC4",2666.48634276697,0.950200135480371,0.279901041294316,3.39477170605177,0.000686858482977992,0.0254850147501627,"Up"
"SPICE1",53.33478088337,-0.609549928882955,0.179438168476285,-3.39699147655709,0.000681310890687391,0.0254850147501627,"Down"
"FOXR2",2.42135167479848,2.72645952906138,0.803022279785573,3.39524767580472,0.000685665427489249,0.0254850147501627,"Up"
"TMEM272",44.3238574172572,-1.21791231468141,0.359043027716103,-3.3921068525648,0.000693573867194343,0.0256278409936025,"Down"
"SYTL1",591.407885985705,-1.18173465713052,0.348686083505449,-3.38910760432472,0.000701204882028803,0.0258031854119406,"Down"
"IGF2BP1",103.946208269407,1.69480534680133,0.500431454356505,3.3866882907683,0.000707417137784786,0.0259593092148163,"Up"
"ADRA1B",115.738654548622,1.25781113903494,0.371438240475111,3.38632645208004,0.000708350642855645,0.0259593092148163,"Up"
"DDIT3",931.663486876831,-0.555977719252465,0.164221745515622,-3.38553044547671,0.00071040828487207,0.0259814760054235,"Down"
"ERBB4",14.1878798583621,1.87536404748098,0.554103168106414,3.38450338389118,0.000713071399965176,0.0260256508509739,"Up"
"AGAP9",77.1216398303273,-0.941093947108587,0.278131413608904,-3.38363054678862,0.000715341907317189,0.0260553455610196,"Down"
"S100A9",47021.76378468,-1.81824724894002,0.537595888888547,-3.38218220511165,0.000719124298114848,0.0260868538488559,"Down"
"FRRS1",365.470934634747,-0.611971601570655,0.180933299387162,-3.38230499108489,0.000718802919202517,0.0260868538488559,"Down"
"GDAP1L1",15.1952055792971,-1.23109980396273,0.36417435331629,-3.380523072951,0.000723480005201526,0.0261917336296034,"Down"
"PIK3R1",2616.89314292766,0.557508652095166,0.164967097753799,3.37951421638759,0.000726140518100441,0.0261970791519751,"Up"
"STARD5",78.0948007719322,-0.774219434661598,0.229163450891964,-3.37845948665956,0.00072893172167065,0.0262298086727523,"Down"
"FSIP1",15.2187690742785,0.591077513918522,0.175018938743767,3.37722030633426,0.000732223781781255,0.0262953616734457,"Up"
"DMXL1",2243.98746956207,0.602077256792767,0.178507705349788,3.37283623478879,0.000743981879882518,0.0266640720236853,"Up"
"GRHL3",502.27825284052,-1.7309687872893,0.513575255602094,-3.37042871206866,0.000750513218806265,0.0268443568102625,"Down"
"ASTN2",691.578977010198,0.884040859805117,0.262344886478442,3.36976592786673,0.000752320602477115,0.0268552927239535,"Up"
"DEFB1",476.855631246729,-1.94027312883745,0.576150867571376,-3.3676476736314,0.000758124126840405,0.0270085495705454,"Down"
"CLTB",6977.19674389925,-0.766460453265117,0.22764440829324,-3.36691974563154,0.000760128058793379,0.0270261037842163,"Down"
"LIME1",92.8787786910887,-0.804072056410661,0.239105470688418,-3.36283420908617,0.00077146680392902,0.0273206184583497,"Down"
"DGAT2",732.229297312035,-0.995971840130783,0.296307419030281,-3.36127878063356,0.000775824763970935,0.0274026579307016,"Down"
"GRIN3A",39.9384531647977,0.62580899605245,0.186201982375458,3.36091478763404,0.000776847884749816,0.0274026579307016,"Up"
"KCNK6",951.208893999925,-1.04797998846733,0.311891792204759,-3.36007556037037,0.000779211580964277,0.0274319289644983,"Down"
"ATOH8",608.516951856188,0.997071863435421,0.296813725820955,3.3592511959399,0.000781539914133415,0.0274598424840118,"Up"
"KYNU",363.63252589958,-1.04964568331672,0.312553856606399,-3.35828741553025,0.000784270201588463,0.0275017417357021,"Down"
"PLCH1",74.0238403293986,1.1143092938056,0.332472360394223,3.35158475274255,0.000803504401460337,0.0281210816354533,"Up"
"TTC39B",330.922960081671,-0.787526868034173,0.235277352783463,-3.34722768136112,0.000816241401362744,0.0284554799648564,"Down"
"ZBED6",7.83415828399336,1.04094876598763,0.311270416059254,3.34419434768729,0.000825219058722245,0.0285458755245428,"Up"
"SLC28A2",3.74179540087695,-1.16758897622638,0.348983993180051,-3.34568060152831,0.000820808857738528,0.0285458755245428,"Down"
"ENOX1",276.349304570966,0.842912001243884,0.252194444058662,3.34230995607428,0.00083084227040058,0.0286296400074065,"Up"
"NDUFB1",2527.47537341681,-0.595543412569584,0.178300062416633,-3.34011892367137,0.000837425212956572,0.0288009855932987,"Down"
"CADM2",18.1370863475165,1.9323758402833,0.578707523926085,3.33912340930634,0.000840432185737774,0.0288489236271293,"Up"
"CCDC153",38.3544432851628,-0.695668659204927,0.208604472518786,-3.33486933815515,0.000853394880677655,0.029181862420725,"Down"
"RGS4",119.87184840985,0.989966033737685,0.297583501465106,3.32668319602311,0.00087886229030256,0.0295443105258853,"Up"
"MYOC",27.9553013086522,-2.67576223318135,0.803570649598613,-3.32984067364568,0.000868956912250779,0.0295443105258853,"Down"
"RHOD",937.567287269632,-1.3113280185378,0.394159723156177,-3.32689501615621,0.000878194523808417,0.0295443105258853,"Down"
"LAMP5",57.6996805330409,1.0424389565401,0.313323480973518,3.32703745439431,0.00087774574943227,0.0295443105258853,"Up"
"CD164L2",57.5429664934289,-1.77921218373079,0.534750486716873,-3.32718198099146,0.000877290612669089,0.0295443105258853,"Down"
"AP001453.3",11.7653269148891,-0.675993404575977,0.203078797733764,-3.32872467298238,0.000872446048974596,0.0295443105258853,"Down"
"FAXDC2",1934.32501480222,0.602419078432655,0.181221099103134,3.32422152505439,0.000886657349836165,0.0296520158528495,"Up"
"PIP5KL1",76.7295214337034,-0.919522724372531,0.276638894182471,-3.32390977447305,0.000887649090052588,0.0296520158528495,"Down"
"PADI1",91.0192901498634,-1.70148647988165,0.511928162084127,-3.3236821216373,0.000888373948227013,0.0296520158528495,"Down"
"FADS6",64.4830732285901,-2.16571362217971,0.651620668522472,-3.32358030798869,0.000888698305587527,0.0296520158528495,"Down"
"MFAP3",631.770406482905,0.562640734670279,0.169327730105872,3.32279145488154,0.000891215152351873,0.0296806178485305,"Up"
"C1orf210",52.1537563682667,-1.78013102355624,0.535855759077117,-3.32203394925173,0.000893638201620555,0.0297059955349108,"Down"
"CA7",2.68321749182806,-1.39787966938702,0.421014058719119,-3.32026838638093,0.000899309466841363,0.0297837972314647,"Down"
"FSD1",47.1481359884271,1.17830569003601,0.354997517506483,3.31919416877188,0.000902776326274155,0.0298433490186451,"Up"
"ENPP2",6375.92146269893,1.15845966056504,0.349218566219025,3.31729115409767,0.000908948416519914,0.0299919436919597,"Up"
"ABCC11",234.135757226114,1.27595178868518,0.385040045416875,3.31381580662275,0.000920321119191542,0.0302000420103147,"Up"
"CLUL1",37.2981693823122,1.38744053273984,0.418667150761419,3.31394648521274,0.00091989111257077,0.0302000420103147,"Up"
"SYT8",61.7831478933732,-1.65626833040502,0.499776915739752,-3.3140152701,0.000919664846104636,0.0302000420103147,"Down"
"ATP6V0C",12.0013377244861,-0.724987582340922,0.218934532543223,-3.31143549589552,0.000928186358515187,0.0304023531789114,"Down"
"KCNA6",3.57295346436049,1.61241181157017,0.487092314781193,3.3102797203739,0.000932027797361842,0.0304723676929053,"Up"
"PCDHGB1",61.5863687358435,1.18336987627526,0.35770035695786,3.30827144356099,0.000938737738692008,0.0306209244890022,"Up"
"ARHGAP40",55.7825899362765,-1.69177751646281,0.511436073080495,-3.30789634425442,0.000939995948583214,0.0306209244890022,"Down"
"REV3L",1975.05198084052,0.702898770022051,0.212671516817851,3.30509125311816,0.000949454815423948,0.0308259755871348,"Up"
"SLC15A3",2281.565366014,0.985597375344886,0.298531370048721,3.30148679244006,0.000961738627001508,0.0311001898060354,"Up"
"HTR3A",40.0861247933543,-2.20757329379925,0.668758625704784,-3.30100160049937,0.000963403329934221,0.0311001898060354,"Down"
"CEL",24.9896776255987,-0.823187977134311,0.249431258218881,-3.30025989129216,0.000965953307282476,0.0311263224278195,"Down"
"SLC22A15",210.852442567566,-0.930347203452072,0.281968021607544,-3.29947771434511,0.000968649182294623,0.0311570539139515,"Down"
"IRF6",1139.2969740197,-1.53207128132061,0.464641324627817,-3.29732032024448,0.000976121078891594,0.0312444369345311,"Down"
"SLC24A2",15.1083098684352,1.08404522555097,0.328776372498632,3.29721146721237,0.000976499490073557,0.0312444369345311,"Up"
"IL36G",174.564029269522,-2.10221389335147,0.637579249709048,-3.29718053765204,0.000976607036815192,0.0312444369345311,"Down"
"C1orf116",813.683339646399,-1.44036054314298,0.437001967362893,-3.29600471099684,0.000980703706886463,0.031319473382067,"Down"
"KRT37",1.88333152405892,-2.67722272959011,0.81244431912769,-3.29526918529581,0.000983274418892515,0.0313455966265129,"Down"
"CCDC120",846.613258599215,-0.687573202894962,0.20876211934238,-3.29357263214649,0.000989227799215012,0.0314233569470005,"Down"
"DOCK3",78.5886847627331,-1.01648948753563,0.308822606600341,-3.29149960466173,0.000996547567956246,0.0315438171775743,"Down"
"APOA1",13.7610943976487,-1.66667337891695,0.50635466583602,-3.29151381703016,0.000996497214446986,0.0315438171775743,"Down"
"MCC",3404.6487142291,0.697703575446972,0.212058219886582,3.29015105295204,0.0010013361301965,0.0315588695392275,"Up"
"EVPL",3543.0569587435,-1.8485919051764,0.561751317144379,-3.29076559103337,0.000999151335822866,0.0315588695392275,"Down"
"GPM6A",26.6064789747417,-1.71385803561534,0.521027595618154,-3.28938054342783,0.001004081680151,0.0315588695392275,"Down"
"CA9",98.3924222493418,-1.34409143069241,0.408582448358945,-3.28964554422467,0.00100313661983185,0.0315588695392275,"Down"
"TNS4",1342.97954754483,-1.7737569218264,0.539496539543198,-3.28780036907794,0.00100973411580786,0.0316606818252034,"Down"
"PCDHGA3",71.6580222400247,1.35588616498509,0.412438594313729,3.2874861462497,0.00101086162615696,0.0316606818252034,"Up"
"FOXQ1",109.070155586744,-1.44448654548716,0.439582896287272,-3.28603901036035,0.00101606937153402,0.0317681549659342,"Down"
"TACSTD2",2969.85452489398,-1.68314527638729,0.512304353464713,-3.28544011973387,0.0010182318295326,0.0317802060023752,"Down"
"FAM83A",1237.14628425861,-2.01431021304919,0.613223042313639,-3.2847921132405,0.00102057643134863,0.0317978900666183,"Down"
"IFRD1",521.325386740953,-0.660948525007052,0.201341016383399,-3.28273164047437,0.00102806483077227,0.0319754981452717,"Down"
"TMEM40",599.160862550836,-2.00037598611061,0.609553676598094,-3.2817060464218,0.00103181108360088,0.032036301074858,"Down"
"MYRF",479.086342970067,1.12022114328226,0.341423496390597,3.2810311976909,0.00103428303376484,0.0320573964919416,"Up"
"RDH12",561.11547135469,-1.46333347934926,0.446250733680442,-3.27917327391363,0.00104111689334872,0.0321023008976699,"Down"
"LRP2BP",135.608214963695,-0.629177714964739,0.191856208672816,-3.2794232686924,0.00104019493005759,0.0321023008976699,"Down"
"TSLP",24.331152187816,-1.46407594161153,0.446376305384992,-3.27991410822935,0.00103838694561352,0.0321023008976699,"Down"
"HHLA2",4.2018362986633,1.73525673956837,0.5293132681577,3.27831710247509,0.00104428012625225,0.0321444161409557,"Up"
"UCHL3",46.7491704618102,-0.593751137568273,0.181178610441186,-3.27715913110514,0.00104857254568684,0.0322210848918615,"Down"
"EPHA2",3840.8743382025,-0.971452593514992,0.296489348442219,-3.27651768476368,0.00105095730779311,0.0322389716853723,"Down"
"EPHA4",875.298083264643,-1.15869784660168,0.353779304619284,-3.27519962720432,0.00105587332538713,0.0322787307127022,"Down"
"NIPAL4",911.073437528227,-1.74060279993344,0.531610059772118,-3.27420967293126,0.00105957958258203,0.0322787307127022,"Down"
"PLA2G2F",133.443174745406,-2.30394274205603,0.703448266915771,-3.27521276320367,0.00105582422668413,0.0322787307127022,"Down"
"POC1B-GALNT4",3.55689089642793,-0.805540500012064,0.246059945890908,-3.27375712083268,0.00106127788297187,0.0322787307127022,"Down"
"MDFI",1040.63416406234,-1.19567806476117,0.365831066743851,-3.26838853628133,0.00108161771514273,0.0324401173931851,"Down"
"KLHL17",614.097731198804,-0.546174223663647,0.167003572699937,-3.2704343675628,0.00107382457251627,0.0324401173931851,"Down"
"CCDC30",147.684771977364,-0.725517835567091,0.221984025074514,-3.26833354482853,0.00108182791310231,0.0324401173931851,"Down"
"TTC22",433.326135046078,-1.6546141666795,0.506300015992933,-3.26805078888759,0.0010829093090881,0.0324401173931851,"Down"
"SPACA3",37.3557636269622,-1.60972337094138,0.492256991420663,-3.27008737102076,0.00107514271091077,0.0324401173931851,"Down"
"RIMBP3",17.5206161809304,0.90899505715991,0.278012228631154,3.2696225688903,0.00107691070348031,0.0324401173931851,"Up"
"GPR78",9.43363183152601,-1.74404841486514,0.533484671090797,-3.2691631257167,0.00107866095447229,0.0324401173931851,"Down"
"F11R",1507.04617988086,-0.689194440314419,0.210951337537081,-3.2670778406099,0.00108663797936786,0.0324973806404931,"Down"
"S100A8",31606.5392604457,-1.84535941604469,0.565706187831406,-3.26204566211083,0.00110611324815461,0.0325272078503909,"Down"
"PKP3",4076.78698600567,-1.82052121702015,0.558156532294958,-3.26166785065609,0.00110758838273901,0.0325272078503909,"Down"
"SV2B",135.80571903987,1.34426867450717,0.411981275124233,3.26293634122523,0.00110264284968613,0.0325272078503909,"Up"
"SH2D3A",238.093862473615,-1.1523504538269,0.35304083013242,-3.26407133530327,0.00109823510466114,0.0325272078503909,"Down"
"BARX2",258.314251575691,-1.55675543035096,0.477290163245759,-3.26165412621206,0.00110764200295728,0.0325272078503909,"Down"
"TSPAN32",84.2908700383657,-1.05005212602831,0.321525397057327,-3.26584504875392,0.00109137951356092,0.0325272078503909,"Down"
"CDH26",50.5316112539336,-0.871783264612079,0.267171689160481,-3.26300764632448,0.00110236545574791,0.0325272078503909,"Down"
"XKRX",74.276370896061,-1.52574356169378,0.467574728374598,-3.26310099563685,0.00110200240207493,0.0325272078503909,"Down"
"SYNE4",21.0210164422699,-0.755068434814671,0.231300684174807,-3.26444531501698,0.00109678632867641,0.0325272078503909,"Down"
"SMIM22",3.64471849183578,-1.44529061821354,0.442868209075587,-3.26347791192856,0.00110053762538646,0.0325272078503909,"Down"
"KIAA1522",2602.67735076339,-0.775496588272963,0.237941243213449,-3.2591936471362,0.0011172937647941,0.0327032433544644,"Down"
"CEBPA",299.110393290623,-1.04812291461287,0.321557186643289,-3.25952259240152,0.00111599891799744,0.0327032433544644,"Down"
"FAM156B",1.9398089748431,-1.45933266896783,0.448194633717283,-3.25602441257333,0.00112984036525408,0.032908900801635,"Down"
"RPS19",59869.2678674679,-0.574399038055205,0.176461493157447,-3.2550956459532,0.00113354183856049,0.0329095166247011,"Down"
"TMEM74",13.7556481894856,1.24994036823292,0.383974148616558,3.25527219146496,0.00113283737862051,0.0329095166247011,"Up"
"ST8SIA5",30.159967513157,1.43423939470438,0.440769466604818,3.25394452967016,0.00113814501275314,0.0329421164690587,"Up"
"CCDC184",102.696899529778,1.14932340756123,0.353214798982777,3.25389369548265,0.00113834869033093,0.0329421164690587,"Up"
"ABL1",7169.26515771471,0.506270792407574,0.155660384464463,3.25240615426563,0.00114432376837797,0.0330572788137576,"Up"
"RBP1",681.575187281853,-1.26642739397233,0.389432244957106,-3.2519839082966,0.00114602509866527,0.0330572788137576,"Down"
"RASL10A",16.5699261034579,-0.749161679382089,0.230446434064045,-3.2509146102642,0.00115034401977616,0.0330751647100913,"Down"
"SCGB2A1",1.19310120524278,-2.56313215081031,0.788377748489489,-3.25114725234343,0.0011494030942232,0.0330751647100913,"Down"
"CYP4F8",2.08045342739701,-2.03729897978624,0.627105370249935,-3.24873470462271,0.00115919534561027,0.0332761630190916,"Down"
"ZNF738",191.880669640248,-0.577899444278678,0.17798285809735,-3.24693878082679,0.00116653478890933,0.0334331861616257,"Down"
"SLC5A4",484.148237270272,-1.81338573693027,0.559635236904744,-3.24029942603296,0.0011940424282077,0.0340719337991479,"Down"
"IGFBPL1",49.1987489212876,1.42664173178542,0.440296882465905,3.24018131537847,0.00119453715567355,0.0340719337991479,"Up"
"DLX3",243.471734031705,-1.51429215176781,0.467587670214224,-3.23852027807757,0.00120151479401372,0.0341619881973629,"Down"
"GCSH",63.0159121984343,-0.542375860925559,0.167460343838232,-3.23883164511772,0.00120020395145733,0.0341619881973629,"Down"
"ATAD3B",1950.42750408162,-0.548590428118165,0.169528708925081,-3.2359736094056,0.00121228591642936,0.0343708799039091,"Down"
"GEM",549.730838927661,-0.803402380870516,0.248279807956231,-3.23587482801721,0.00121270550320771,0.0343708799039091,"Down"
"JCHAIN",908.04521943171,1.50659543852668,0.465840813242282,3.23414221274576,0.00122008685677072,0.0344708267717023,"Up"
"TGM1",2394.9725134994,-1.75556960927625,0.543219009749183,-3.231789716061,0.0012301754845362,0.034701038431302,"Down"
"LIN7B",208.242681609505,-0.569763596507512,0.176332713919845,-3.23118486548394,0.00123278179389938,0.0347122775947501,"Down"
"AMHR2",3.86038619426106,-1.61354619492425,0.49948450879523,-3.23042289903278,0.00123607237620015,0.0347122775947501,"Down"
"TMEM191C",14.9635890613257,-0.733328592831558,0.227012266817952,-3.23034787111147,0.00123639682553432,0.0347122775947501,"Down"
"GLTP",5190.63345332056,-0.776391789802783,0.240420010815592,-3.22931434521187,0.00124087419639371,0.0347289422978171,"Down"
"BDNF",121.857822723617,-1.38009178255906,0.427317671023051,-3.22966232417899,0.00123936503627756,0.0347289422978171,"Down"
"VXN",26.7639445085528,1.19784288372022,0.371007315227878,3.22862335742486,0.00124387599325378,0.0347585597864853,"Up"
"KLK13",1803.45614532457,-1.97618203379445,0.612979595835159,-3.2238952931247,0.00126459629443222,0.0352274768374234,"Down"
"LCE3E",832.621486178199,-2.82385419119692,0.876695309219558,-3.22102121626582,0.00127734691681437,0.0354171662950515,"Down"
"ANKRD34B",11.0198419545588,1.42224992386848,0.441523274175535,3.22123432003504,0.00127639743999043,0.0354171662950515,"Up"
"ID1",979.861000676429,-0.991927706430268,0.308179930353251,-3.21866419170538,0.00128789213621265,0.0355991699598562,"Down"
"SASH1",3587.52282576279,0.527209811797983,0.164066974562083,3.21338168882054,0.0013118183107753,0.035817646824283,"Up"
"IFI44L",1753.89000549447,1.26201062870125,0.39250257239956,3.2152926310418,0.00130311607405107,0.035817646824283,"Up"
"RGS10",1976.37197633135,-0.722500708274275,0.224834730190153,-3.21347466053497,0.0013113936889654,0.035817646824283,"Down"
"KCNJ10",1093.70504860057,1.52123560772997,0.473278189278124,3.21425250981936,0.00130784605073801,0.035817646824283,"Up"
"CHAD",155.81143957479,-1.65165952480259,0.513757742982884,-3.21486059794066,0.00130507883496139,0.035817646824283,"Down"
"PAK6",435.49116997951,-1.23438797197886,0.384075179888557,-3.21392278547401,0.0013093487845258,0.035817646824283,"Down"
"PCDHB10",107.423999487164,0.88814658666214,0.276628410120519,3.21061233831767,0.00132452485702271,0.0359672621645571,"Up"
"IL22RA1",271.833017422611,-1.63703848681471,0.509848827830982,-3.21083112768752,0.00132351687420052,0.0359672621645571,"Down"
"UCN",74.5727375201658,-0.931762757277527,0.290229444265984,-3.21043497028373,0.00132534252775907,0.0359672621645571,"Down"
"SREBF2",11640.1846034127,0.517975147644319,0.161536635626329,3.20654906322622,0.00134337394604692,0.0363348022802316,"Up"
"ZNF385A",3158.1152957559,-0.874022788545582,0.272612773674792,-3.20609623959966,0.00134548980098845,0.0363348022802316,"Down"
"SPRR2G",5588.0034268125,-2.71591207623625,0.847309371566092,-3.20533699658768,0.00134904432532285,0.0363348022802316,"Down"
"PRKAG2",667.777408211907,-0.566911719985655,0.176851512553458,-3.20558027353196,0.00134790444118646,0.0363348022802316,"Down"
"DUOXA1",528.058742874188,-1.71972778861058,0.536783516335624,-3.20376415496209,0.00135643542567548,0.0364789340643314,"Down"
"ADAM12",1365.1330017771,0.770010146918945,0.240629997074582,3.19997571491589,0.00137439167589614,0.0365225600044004,"Up"
"CTSV",499.851885392884,-0.900373838206438,0.281369700291453,-3.19996729311578,0.00137443183618666,0.0365225600044004,"Down"
"TAGLN3",8.50743421198869,-1.36700059121483,0.427211127305248,-3.19982440494367,0.00137511337930778,0.0365225600044004,"Down"
"CBLC",395.919167641019,-2.04472802146144,0.638471513129749,-3.20253602457267,0.00136223260956824,0.0365225600044004,"Down"
"FZD10",83.7873450303166,-1.28652199514022,0.402095042878314,-3.19954701736913,0.00137643734304215,0.0365225600044004,"Down"
"SLC39A2",159.316723994959,-1.73501669432623,0.542010764045684,-3.20107423951454,0.00136916250711939,0.0365225600044004,"Down"
"BGLAP",9.44485071510482,-0.978468164038645,0.305573528571947,-3.20207109762214,0.00136443317640361,0.0365225600044004,"Down"
"SNAI1",268.437634599499,-0.861342604182271,0.269297154972894,-3.19848386169905,0.0013815226531006,0.0365490401302531,"Down"
"FAM3D",14.0677312137045,-1.48349228353191,0.463764503102274,-3.19880515565194,0.0013799840086748,0.0365490401302531,"Down"
"PPIF",4595.06426098051,-0.57192099960848,0.178937455331542,-3.19620617465921,0.00139247571244256,0.0367545395278588,"Down"
"PRR15L",8.22275588686669,-1.03356225391554,0.323390969142448,-3.19601458462581,0.00139340068216776,0.0367545395278588,"Down"
"SLC35A3",543.701181756061,-0.53873471962657,0.168828266275852,-3.19102204571786,0.00141770462137376,0.0372509372967189,"Down"
"TMEM35A",5.51810747992999,-1.23779935473901,0.387999764513494,-3.19020645873604,0.00142171187980946,0.0372790772184202,"Down"
"AC011448.1",16.0227635467632,-1.10643290312902,0.347229840788151,-3.18645684546469,0.00144026972536682,0.0376575786088601,"Down"
"SLC22A23",893.8418323068,-0.759491668486497,0.238566127109537,-3.18356875591889,0.0014547156025935,0.0379243933480789,"Down"
"ATP7A",1522.86682231786,0.560937853416484,0.176307783717513,3.18158303387921,0.00146472528993982,0.0379897680678646,"Up"
"MALL",118.336288948258,-1.2687322853578,0.39879855710864,-3.18138634842696,0.00146572019496905,0.0379897680678646,"Down"
"SLC25A30",1307.93458764494,0.504171906237895,0.158496815733383,3.18095921299765,0.00146788294313904,0.037990764913312,"Up"
"USP53",1325.400850654,-0.905537077329148,0.284788082757443,-3.17968739619067,0.00147434005937238,0.0381027422280573,"Down"
"RPS10",66.9673539113686,-0.678035079453984,0.213396931394598,-3.17734221866673,0.00148631539205163,0.038301533820535,"Down"
"CLTCL1",383.53529299712,0.691671260927175,0.217720124493398,3.17688253456859,0.00148867318669974,0.0383070953538677,"Up"
"NDUFA11",562.973026274835,-0.613550825083783,0.193196623481524,-3.17578441086192,0.00149431959825413,0.0383420540820327,"Down"
"AREG",116.864013662913,-1.4005839410026,0.440989365161053,-3.17600389408731,0.00149318946828908,0.0383420540820327,"Down"
"PHLDB3",737.723420951972,-0.627230342370888,0.19759042861458,-3.17439638533486,0.00150148488005321,0.0384707100213061,"Down"
"DLX5",262.624917181039,-1.20515520764123,0.379912527118464,-3.17219128514139,0.00151293318670745,0.0386532815872515,"Down"
"S100A7",22987.7962822715,-2.17792759405211,0.687255050661774,-3.16902377356839,0.00152951883805773,0.0388145120539797,"Down"
"PROM2",1696.96412055188,-1.67207073831964,0.527494001827054,-3.16983839158014,0.00152523743184507,0.0388145120539797,"Down"
"PLEKHS1",53.0989219015938,1.20180523970781,0.379248275968891,3.1689141806577,0.00153009567200043,0.0388145120539797,"Up"
"TMEM61",2.08721290702057,-1.94554642474903,0.613852755909489,-3.16940244385885,0.00152752727712889,0.0388145120539797,"Down"
"C11orf87",4.44083988402218,-1.44131217409725,0.455167653881215,-3.16655228421261,0.00154257612905404,0.0390756820000036,"Down"
"CCNL2",5530.9753374945,-0.602351209717975,0.19025048750721,-3.16609548606359,0.00154500068128257,0.0390817428345933,"Down"
"IGFL1",536.477809616253,-2.47062532232373,0.780499492034146,-3.16544129437517,0.00154847905362972,0.0391144059253022,"Down"
"ARHGEF4",900.254520418681,-1.36835442379708,0.432402108614929,-3.16454151479555,0.0015532750116199,0.0391802119997324,"Down"
"DMBT1",14.8832301836016,-1.52158165488165,0.481323551924362,-3.1612449646361,0.00157096321065107,0.039570571914484,"Down"
"AJAP1",71.7122303622151,-1.06244388834751,0.33635341621296,-3.15871294042346,0.00158467494383805,0.039859812511392,"Down"
"PTHLH",164.204923267961,-1.08269602152274,0.343045492549503,-3.1561295660123,0.00159877823789297,0.0398835617851508,"Down"
"MTG1",152.917171920694,-0.58267490810699,0.184514255624623,-3.15788558523297,0.00158917916900428,0.0398835617851508,"Down"
"BICDL2",305.435485109296,-1.70344839286961,0.539556827290804,-3.15712508249201,0.0015933298342131,0.0398835617851508,"Down"
"S100A12",105.595752040531,-1.64899799232881,0.522422019145159,-3.15644810497666,0.00159703302965377,0.0398835617851508,"Down"
"AL031708.1",4.64237657975455,-0.995178528960304,0.3152219382242,-3.15707255201409,0.00159361690274933,0.0398835617851508,"Down"
"MAP3K9",453.366317670426,-0.813900125212928,0.257990156721948,-3.1547720097326,0.00160623570634551,0.0400082442510906,"Down"
"HRH3",5.12394447148807,-1.48482136300815,0.470788801603631,-3.15390119295629,0.0016110362099376,0.0400720049770848,"Down"
"NEK6",4009.67508461179,0.556963373467212,0.176678362092068,3.15241417722095,0.0016192641386364,0.0401429345312147,"Up"
"CHST2",1217.45026222171,-0.829447268674786,0.263158580937014,-3.15189140221618,0.00162216592436088,0.0401429345312147,"Down"
"F3",534.097278675565,-1.06951530551598,0.339338493812386,-3.15176534645463,0.00162286634232097,0.0401429345312147,"Down"
"CHTF18",1436.53863520876,-0.549556884911508,0.174471393639894,-3.14983948627008,0.00163360188615085,0.0403526742153615,"Down"
"NDUFA1",5402.57589128845,-0.5381822824351,0.170980918614788,-3.1476160427445,0.00164607754715929,0.0405488303765794,"Down"
"NMRK2",247.631787977694,-1.89936829734757,0.603690216291617,-3.14626317619511,0.00165371127164831,0.0406543808697706,"Down"
"ALOX12",115.565188432764,-0.630361391812605,0.200365886762989,-3.14605146612734,0.00165490881643888,0.0406543808697706,"Down"
"FUT3",117.631650167486,-1.59987804839325,0.508770352367014,-3.14459763810911,0.00166315401906002,0.0408008867995465,"Down"
"ADGRV1",111.239002516534,1.05091583180051,0.334394965871717,3.142738196016,0.00167375469442122,0.0410046971986701,"Up"
"SPRR4",88.6461837324038,-2.39838468458514,0.763445419975308,-3.14152737292302,0.00168069097451467,0.0411183001206844,"Down"
"AQP3",9136.5144726368,-1.6462023883639,0.524159801438918,-3.14064982443287,0.00168573458581188,0.0411853515473493,"Down"
"CLHC1",127.667679523244,-0.640596187057148,0.204104831539811,-3.13856454168356,0.00169777541559515,0.0414229406991865,"Down"
"ABCC12",2.54196464271047,2.05807436270357,0.656291643992653,3.13591431727357,0.00171319248370562,0.0416853528960426,"Up"
"EPB41L3",4569.95811252729,0.640932666746536,0.20461506837385,3.13238253585261,0.00173393794992708,0.0419091338326365,"Up"
"PLCXD1",1387.04833794271,-0.633439569594379,0.202225112891755,-3.13234870059606,0.00173413780852294,0.0419091338326365,"Down"
"FAM167A",240.758933778796,-1.01885773698703,0.325314060583714,-3.13192038228808,0.00173666963748446,0.0419091338326365,"Down"
"ESRP2",635.316632017508,-1.5815020927606,0.504880717205741,-3.132427202832,0.00173367414278681,0.0419091338326365,"Down"
"IGFN1",25.5637827476423,-1.25904298955473,0.402049571299079,-3.13156157706272,0.00173879318406488,0.0419091338326365,"Down"
"CNTNAP2",26.5287711050605,-1.22244544251099,0.390462542423908,-3.13076238996529,0.00174353166345756,0.0419667836733176,"Down"
"NECTIN1",5370.96095219235,-0.981939691851654,0.313865421763896,-3.12853734040927,0.00175678687486611,0.0421099127584445,"Down"
"BPIFB2",2.0198652192425,2.19261637084415,0.700811156977737,3.12868359616284,0.00175591275367465,0.0421099127584445,"Up"
"DUSP13",4.73664330576982,-1.40165445150115,0.448072800258475,-3.12818464029191,0.00175889649019001,0.0421099127584445,"Down"
"SLC6A2",14.7510741067218,-1.82756771928802,0.58407683514649,-3.12898510831997,0.00175411197923567,0.0421099127584445,"Down"
"P2RY2",174.794329662609,-1.31159373561484,0.419375284807636,-3.12749411595978,0.00176303348835881,0.042118497835176,"Down"
"SLIT3",507.213421521359,0.731075500830624,0.233865496430976,3.12605113617689,0.00177170741362418,0.0421345949272007,"Up"
"CERS3",845.968896231599,-1.83342697709255,0.586411529819431,-3.12651931938838,0.00176888881798217,0.0421345949272007,"Down"
"AR",89.5184991788304,-1.00555903582135,0.321659904416909,-3.12615598653549,0.0017710758262009,0.0421345949272007,"Down"
"NOSTRIN",151.004983688948,0.772931560043068,0.247369434540398,3.12460414310743,0.00178044484210081,0.0422861561170396,"Up"
"VGLL1",7.22696777665005,-2.09423185723215,0.670689397922467,-3.12250628043213,0.00179318279563811,0.0424196840174496,"Down"
"KLK11",1296.5902588713,-2.18524504237681,0.700106487737673,-3.12130380256612,0.00180052180027519,0.0425370302194471,"Down"
"PARL",486.014047208078,-0.53063083229024,0.170115795527339,-3.11923317082548,0.00181322408049105,0.0426682707028544,"Down"
"MYT1",52.3758101362432,-0.950161497940833,0.304581785643157,-3.11956112521459,0.00181120677250171,0.0426682707028544,"Down"
"LHX8",2.13003465510116,-1.89684711769315,0.608179339110894,-3.11889437162758,0.00181531026515888,0.0426682707028544,"Down"
"CREB5",791.815736551271,0.926116400465542,0.297043488215269,3.11778051769437,0.00182218447140407,0.042766334759305,"Up"
"CLMN",1674.1031553403,0.72332081291657,0.232139425000507,3.11588956901651,0.00183390935668406,0.0429288415378766,"Up"
"HRNR",557.589024210106,-1.2131634805377,0.389573503258065,-3.11408109225042,0.00184518768721554,0.0429678861955243,"Down"
"PRR16",88.3279198047219,0.719850815906605,0.231077975004013,3.11518575448008,0.00183829105435347,0.0429678861955243,"Up"
"DRC1",12.7532031356754,1.04696727730071,0.336176765017726,3.1143356300829,0.00184359645086735,0.0429678861955243,"Up"
"OR4A16",2.31950929442735,-3.46608744094981,1.1129139043856,-3.11442549804722,0.00184303494495122,0.0429678861955243,"Down"
"GPR182",4.79326360633712,-1.00331118438039,0.322269408819106,-3.11326845466603,0.00185027631815458,0.0430303532820241,"Down"
"DGKA",1259.51600921796,-0.698090356118242,0.224273815213958,-3.11266990955794,0.00185403257185123,0.0430617123571265,"Down"
"CD79A",455.804844945124,1.38390425982537,0.444762443837071,3.11155826891789,0.00186102742279901,0.043108397043706,"Up"
"KRT75",1017.74235107112,-2.18578325884169,0.703118175781946,-3.10869969534048,0.00187912609339382,0.0434189806902521,"Down"
"S100A14",5303.11002183883,-1.82093506577128,0.586352972132043,-3.10552713521714,0.00189940192346621,0.0438308438700254,"Down"
"POLR2J3",51.2968843439558,-0.604126191166793,0.194656333256668,-3.10355271292514,0.00191212168874161,0.0440107905810231,"Down"
"TBXAS1",862.278535988964,0.873937588777957,0.281723127593257,3.10211517330491,0.00192143186930022,0.0441682359261763,"Up"
"DCLK1",2581.37606979242,0.922278179919737,0.297528522805543,3.09979752940365,0.00193652971127493,0.0442310311065656,"Up"
"IL13RA2",346.159031618646,1.4794936763497,0.477211491379361,3.10028929117629,0.00193331714988879,0.0442310311065656,"Up"
"MXD1",732.815745861257,-0.598771097667469,0.193161174750986,-3.09985222671882,0.00193617214475461,0.0442310311065656,"Down"
"CGB7",3.65220655232081,-1.00067979164695,0.322726221277892,-3.10070804809285,0.0019305853701651,0.0442310311065656,"Down"
"STON2",219.128764757455,-0.974257801107632,0.314643658440629,-3.09638467190487,0.00195896048362551,0.0446293621517945,"Down"
"IGFBP6",590.485630334195,-0.870271190759936,0.281354414417615,-3.09314923158871,0.00198044519221269,0.0450041700349832,"Down"
"KRTDAP",9623.57663314663,-2.17671779931769,0.703985736464675,-3.09199133813263,0.00198818650504217,0.0450655607809558,"Down"
"ALAS2",2.23711363526794,-1.08010031263321,0.349312437759246,-3.09207516217227,0.00198762515259606,0.0450655607809558,"Down"
"GPR45",7.65608081917345,-1.21542248244197,0.393327549205472,-3.09010259997589,0.00200087363993652,0.0452957268058541,"Down"
"GPS2",26.4443900403507,-0.644911212512439,0.208750660801474,-3.08938525050113,0.00200571169698166,0.0453478482791656,"Down"
"RWDD3",84.9906367538246,-0.566477282966832,0.183401778291306,-3.088722957021,0.00201018796629372,0.0453916686732283,"Down"
"PARD6B",119.981109190974,-0.538815069701393,0.174635273723671,-3.08537363736705,0.0020329658842406,0.045790380193651,"Down"
"NYX",5.93045433340658,1.52700713824893,0.494991540925312,3.08491562379919,0.0020360990654017,0.0458032650133886,"Up"
"MT-ND4L",58293.3671561854,-0.865998392666625,0.280794545197394,-3.08409977144621,0.0020416911292002,0.0458713620032868,"Down"
"NTN4",281.276945183693,0.947513146122841,0.307457311643041,3.08177138822741,0.00205772805750519,0.0460714946513731,"Up"
"SPRR2D",2167.98695355601,-1.93365771127552,0.627765629685607,-3.08022233113322,0.00206846124278795,0.0461827226791757,"Down"
"TRIM67",50.3526342811444,-1.12593413624376,0.365695713733276,-3.07888250794478,0.00207778607213594,0.0462753749863998,"Down"
"C1orf68",395.539153709637,-2.55786337812097,0.830688507129908,-3.07920882035383,0.00207551147531196,0.0462753749863998,"Down"
"HOXA9",61.1583485009758,-1.09685695423872,0.356316429768555,-3.07832270027846,0.00208169360046325,0.0463047367545831,"Down"
"CKMT1A",141.62803249415,-1.44597351958868,0.470208186326443,-3.07517725475074,0.00210377482649852,0.0466797878375925,"Down"
"DNASE2B",244.557111892366,-1.45566856356976,0.473627836995003,-3.07344385162293,0.00211603503451984,0.0468936438133245,"Down"
"OTUB2",298.013892528486,-0.76271205016956,0.248200813946323,-3.07296353320787,0.00211944385901715,0.0469110568993351,"Down"
"PENK",4.76793245676643,-1.08195572282012,0.352139770918859,-3.07251782437669,0.00212261156281562,0.0469230966494371,"Down"
"SLC46A2",36.1076158709408,-1.41020133692156,0.459326607986681,-3.07014945879742,0.00213951675520212,0.0472384168518947,"Down"
"CAVIN2",87.828129757858,-0.871622590936135,0.284047428586564,-3.06858117066357,0.00215077890733855,0.0474285203191648,"Down"
"SEMA3F",1260.34821993222,-0.865852074999742,0.2822183702193,-3.06802166821006,0.00215480992904809,0.0474588925752414,"Down"
"UNC13D",1852.73639168843,-0.985814867231211,0.321693177341033,-3.06445686967781,0.00218065614711918,0.0478513552577661,"Down"
"COL10A1",146.709291576253,0.976869632886198,0.318701303320724,3.06515732037383,0.00217555527497694,0.0478513552577661,"Up"
"TTC9",165.546080787952,-1.04845223891092,0.342121736719316,-3.06455897530736,0.00217991190427299,0.0478513552577661,"Down"
"TDRD3",3069.05070605433,-0.856171013396419,0.279456647493135,-3.06369886376544,0.00218618850136262,0.0479139646548642,"Down"
"CADM3",281.285505770568,1.45031401210285,0.473979748182417,3.05986493655985,0.00221436827605633,0.0483538000598185,"Up"
"KRT78",1045.34418710623,-2.26387991310425,0.739747380867585,-3.06034191084144,0.00221084442367669,0.0483538000598185,"Down"
"LRRTM2",101.208362341795,1.2329898800041,0.403105324120366,3.05872883890746,0.00222278242704944,0.0484192946715618,"Up"
"KCTD19",24.9673100942906,-0.721186244596891,0.235864969268486,-3.0576233801636,0.00223099777572861,0.0484213158023427,"Down"
"HCAR3",16.5158525261918,-1.40682457445576,0.460050150249554,-3.05798090423974,0.00222833775363901,0.0484213158023427,"Down"
"IL20RB",544.018543482082,-1.30302047894863,0.426334805430346,-3.05633146145165,0.00224063407862373,0.0485715149843718,"Down"
"SERPINA5",746.027606274647,1.54118998006448,0.50443456937475,3.05528223804089,0.00224848818766064,0.0486410681106583,"Up"
"CSRP2",1198.45243560074,-1.02811417376943,0.336515492374419,-3.05517635017384,0.00224928222587309,0.0486410681106583,"Down"
"PABPC1L",1774.16702288174,-0.748023342571936,0.245002376080502,-3.05312689019045,0.00226470153648892,0.048915365070734,"Down"
"C7orf61",14.3030571777796,-0.858486449489277,0.281567041806957,-3.04895929573269,0.00229635593025807,0.0494795535623316,"Down"
"IQGAP2",834.097346635573,0.800901782922588,0.262728650286237,3.04839910702553,0.00230064152793445,0.0495122419802403,"Up"
"SATB2",718.580627643516,0.501184067529007,0.16451247631029,3.04648059994984,0.00231537420101312,0.0497096665197103,"Up"
"PSAP",151064.015044039,0.555404401663265,0.182426093836048,3.04454472484855,0.00233032778500589,0.0499707219508938,"Up"
